Workbook

Sheet 표지
A1: K-건설맵 | k-conmap.com 건설 서식 | G1: ← 이 1행을 지우고 쓰셔도 됩니다
A3: (공 사 명)
A5: 시 공 계 획 서
A6: [ 도장공사 ]
A8: 20 . .
A10: (회 사 명)
A12: 공사명 · 작성 연월(2026-03 처럼) · 회사명을 여기 한 번만 적으면 뒤 장에 저절로 들어갑니다.

Sheet 개요
A1: K-건설맵 | k-conmap.com 건설 서식 | G1: ← 이 1행을 지우고 쓰셔도 됩니다
A3: 목 차
C5: 1. 공 사 개 요
C6: 2. 예 정 공 정 표
C7: 3. 현 장 조 직 도
C8: 4. 기능인력 투입계획 및 주자재 조달계획
C9: 5. 시 공 관 리
C10: 6. 검측 FLOW CHART · 검측 체크리스트
C11: 7. 품 질 관 리 계 획
C12: 8. 환 경 관 리 계 획
C13: 9. 안 전 관 리 계 획
A15: 1.0 공 사 개 요
A17: 공 사 명 | D17: =IF(OR('표지'!A3="",'표지'!A3="(공 사 명)"),"",'표지'!A3)
A18: 1) 공사목적
A19: =" 이 공사의 목적은 "&IF(D17="","본 공사",D17)&"의 도장공사를 하기 전에 공사계획을 철저히 세워 예상되는 문제를 최소화하고, 공정표에 따라 인원과 자재를 원활히 수급하며, 품질기준과 안전기준을 마련하여 도장공사를 성공적으로 수행하는 데 있다."
A20: 2) 공사기간
A21: 공 사 기 간 | F21: ~ | I21: =IF(OR(N(D21)=0,N(G21)=0),"",IF(G21<D21,"⚠ 준공일이 착공일보다 빠름",G21-D21+1))
A22: 시 공 사 | D22: =IF(OR('표지'!A10="",'표지'!A10="(회 사 명)"),"",'표지'!A10)
A23: 3) 공사내역
A24: 구 분 | C24: 공 종 | F24: 규 격 | H24: 단위 | I24: 수 량 | K24: 비 고
A37: 합 계 (단위가 ㎡ 인 줄) | H37: ㎡ | I37: =IF(SUMIF(H25:H36,"㎡",I25:I36)+SUMIF(H25:H36,"m2",I25:I36)=0,"",SUMIF(H25:H36,"㎡",I25:I36)+SUMIF(H25:H36,"m2",I25:I36))
A39: 하늘색 칸 = 자동(공사명 · 공사목적 글 · 공사기간 일수 · ㎡ 합계).

Sheet 공정표
A1: K-건설맵 | k-conmap.com 건설 서식 | N1: ← 이 1행을 지우고 쓰셔도 됩니다
A2: 2.0 예 정 공 정 표
A3: 착 공 일 | B3: =IF(N('개요'!D21)=0,"",'개요'!D21) | D3: ※ 착공일은 공사개요에서 따라옵니다. 공종마다 착수 · 완료일을 적으면 반달 칸에 막대가 그려집니다.
A4: 공 종 | B4: 착 수 | C4: 완 료 | D4: 일 수 | E4: =IF(N(B3)=0,"",EDATE(DATE(YEAR(B3),MONTH(B3),1),0)) | G4: =IF(N(B3)=0,"",EDATE(DATE(YEAR(B3),MONTH(B3),1),1)) | I4: =IF(N(B3)=0,"",EDATE(DATE(YEAR(B3),MONTH(B3),1),2)) | K4: =IF(N(B3)=0,"",EDATE(DATE(YEAR(B3),MONTH(B3),1),3)) | M4: =IF(N(B3)=0,"",EDATE(DATE(YEAR(B3),MONTH(B3),1),4)) | O4: =IF(N(B3)=0,"",EDATE(DATE(YEAR(B3),MONTH(B3),1),5)) | Q4: =IF(N(B3)=0,"",EDATE(DATE(YEAR(B3),MONTH(B3),1),6)) | S4: =IF(N(B3)=0,"",EDATE(DATE(YEAR(B3),MONTH(B3),1),7)) | U4: =IF(N(B3)=0,"",EDATE(DATE(YEAR(B3),MONTH(B3),1),8)) | W4: =IF(N(B3)=0,"",EDATE(DATE(YEAR(B3),MONTH(B3),1),9)) | Y4: =IF(N(B3)=0,"",EDATE(DATE(YEAR(B3),MONTH(B3),1),10)) | AA4: =IF(N(B3)=0,"",EDATE(DATE(YEAR(B3),MONTH(B3),1),11)) | AC4: =IF(N(B3)=0,"",EDATE(DATE(YEAR(B3),MONTH(B3),1),12)) | AE4: =IF(N(B3)=0,"",EDATE(DATE(YEAR(B3),MONTH(B3),1),13)) | AG4: =IF(N(B3)=0,"",EDATE(DATE(YEAR(B3),MONTH(B3),1),14)) | AI4: =IF(N(B3)=0,"",EDATE(DATE(YEAR(B3),MONTH(B3),1),15)) | AK4: =IF(N(B3)=0,"",EDATE(DATE(YEAR(B3),MONTH(B3),1),16)) | AM4: =IF(N(B3)=0,"",EDATE(DATE(YEAR(B3),MONTH(B3),1),17)) | AO4: 비 고
E5: 상 | F5: 하 | G5: 상 | H5: 하 | I5: 상 | J5: 하 | K5: 상 | L5: 하 | M5: 상 | N5: 하 | O5: 상 | P5: 하 | Q5: 상 | R5: 하 | S5: 상 | T5: 하 | U5: 상 | V5: 하 | W5: 상 | X5: 하 | Y5: 상 | Z5: 하 | AA5: 상 | AB5: 하 | AC5: 상 | AD5: 하 | AE5: 상 | AF5: 하 | AG5: 상 | AH5: 하 | AI5: 상 | AJ5: 하 | AK5: 상 | AL5: 하 | AM5: 상 | AN5: 하
E6: =IF(N(B3)=0,"",EDATE(DATE(YEAR(B3),MONTH(B3),1),0)) | F6: =IF(N(B3)=0,"",EDATE(DATE(YEAR(B3),MONTH(B3),1),0)+15) | G6: =IF(N(B3)=0,"",EDATE(DATE(YEAR(B3),MONTH(B3),1),1)) | H6: =IF(N(B3)=0,"",EDATE(DATE(YEAR(B3),MONTH(B3),1),1)+15) | I6: =IF(N(B3)=0,"",EDATE(DATE(YEAR(B3),MONTH(B3),1),2)) | J6: =IF(N(B3)=0,"",EDATE(DATE(YEAR(B3),MONTH(B3),1),2)+15) | K6: =IF(N(B3)=0,"",EDATE(DATE(YEAR(B3),MONTH(B3),1),3)) | L6: =IF(N(B3)=0,"",EDATE(DATE(YEAR(B3),MONTH(B3),1),3)+15) | M6: =IF(N(B3)=0,"",EDATE(DATE(YEAR(B3),MONTH(B3),1),4)) | N6: =IF(N(B3)=0,"",EDATE(DATE(YEAR(B3),MONTH(B3),1),4)+15) | O6: =IF(N(B3)=0,"",EDATE(DATE(YEAR(B3),MONTH(B3),1),5)) | P6: =IF(N(B3)=0,"",EDATE(DATE(YEAR(B3),MONTH(B3),1),5)+15) | Q6: =IF(N(B3)=0,"",EDATE(DATE(YEAR(B3),MONTH(B3),1),6)) | R6: =IF(N(B3)=0,"",EDATE(DATE(YEAR(B3),MONTH(B3),1),6)+15) | S6: =IF(N(B3)=0,"",EDATE(DATE(YEAR(B3),MONTH(B3),1),7)) | T6: =IF(N(B3)=0,"",EDATE(DATE(YEAR(B3),MONTH(B3),1),7)+15) | U6: =IF(N(B3)=0,"",EDATE(DATE(YEAR(B3),MONTH(B3),1),8)) | V6: =IF(N(B3)=0,"",EDATE(DATE(YEAR(B3),MONTH(B3),1),8)+15) | W6: =IF(N(B3)=0,"",EDATE(DATE(YEAR(B3),MONTH(B3),1),9)) | X6: =IF(N(B3)=0,"",EDATE(DATE(YEAR(B3),MONTH(B3),1),9)+15) | Y6: =IF(N(B3)=0,"",EDATE(DATE(YEAR(B3),MONTH(B3),1),10)) | Z6: =IF(N(B3)=0,"",EDATE(DATE(YEAR(B3),MONTH(B3),1),10)+15) | AA6: =IF(N(B3)=0,"",EDATE(DATE(YEAR(B3),MONTH(B3),1),11)) | AB6: =IF(N(B3)=0,"",EDATE(DATE(YEAR(B3),MONTH(B3),1),11)+15) | AC6: =IF(N(B3)=0,"",EDATE(DATE(YEAR(B3),MONTH(B3),1),12)) | AD6: =IF(N(B3)=0,"",EDATE(DATE(YEAR(B3),MONTH(B3),1),12)+15) | AE6: =IF(N(B3)=0,"",EDATE(DATE(YEAR(B3),MONTH(B3),1),13)) | AF6: =IF(N(B3)=0,"",EDATE(DATE(YEAR(B3),MONTH(B3),1),13)+15) | AG6: =IF(N(B3)=0,"",EDATE(DATE(YEAR(B3),MONTH(B3),1),14)) | AH6: =IF(N(B3)=0,"",EDATE(DATE(YEAR(B3),MONTH(B3),1),14)+15) | AI6: =IF(N(B3)=0,"",EDATE(DATE(YEAR(B3),MONTH(B3),1),15)) | AJ6: =IF(N(B3)=0,"",EDATE(DATE(YEAR(B3),MONTH(B3),1),15)+15) | AK6: =IF(N(B3)=0,"",EDATE(DATE(YEAR(B3),MONTH(B3),1),16)) | AL6: =IF(N(B3)=0,"",EDATE(DATE(YEAR(B3),MONTH(B3),1),16)+15) | AM6: =IF(N(B3)=0,"",EDATE(DATE(YEAR(B3),MONTH(B3),1),17)) | AN6: =IF(N(B3)=0,"",EDATE(DATE(YEAR(B3),MONTH(B3),1),17)+15)
E7: =IF(N(B3)=0,"",EDATE(DATE(YEAR(B3),MONTH(B3),1),0)+14) | F7: =IF(N(B3)=0,"",EDATE(DATE(YEAR(B3),MONTH(B3),1),1)-1) | G7: =IF(N(B3)=0,"",EDATE(DATE(YEAR(B3),MONTH(B3),1),1)+14) | H7: =IF(N(B3)=0,"",EDATE(DATE(YEAR(B3),MONTH(B3),1),2)-1) | I7: =IF(N(B3)=0,"",EDATE(DATE(YEAR(B3),MONTH(B3),1),2)+14) | J7: =IF(N(B3)=0,"",EDATE(DATE(YEAR(B3),MONTH(B3),1),3)-1) | K7: =IF(N(B3)=0,"",EDATE(DATE(YEAR(B3),MONTH(B3),1),3)+14) | L7: =IF(N(B3)=0,"",EDATE(DATE(YEAR(B3),MONTH(B3),1),4)-1) | M7: =IF(N(B3)=0,"",EDATE(DATE(YEAR(B3),MONTH(B3),1),4)+14) | N7: =IF(N(B3)=0,"",EDATE(DATE(YEAR(B3),MONTH(B3),1),5)-1) | O7: =IF(N(B3)=0,"",EDATE(DATE(YEAR(B3),MONTH(B3),1),5)+14) | P7: =IF(N(B3)=0,"",EDATE(DATE(YEAR(B3),MONTH(B3),1),6)-1) | Q7: =IF(N(B3)=0,"",EDATE(DATE(YEAR(B3),MONTH(B3),1),6)+14) | R7: =IF(N(B3)=0,"",EDATE(DATE(YEAR(B3),MONTH(B3),1),7)-1) | S7: =IF(N(B3)=0,"",EDATE(DATE(YEAR(B3),MONTH(B3),1),7)+14) | T7: =IF(N(B3)=0,"",EDATE(DATE(YEAR(B3),MONTH(B3),1),8)-1) | U7: =IF(N(B3)=0,"",EDATE(DATE(YEAR(B3),MONTH(B3),1),8)+14) | V7: =IF(N(B3)=0,"",EDATE(DATE(YEAR(B3),MONTH(B3),1),9)-1) | W7: =IF(N(B3)=0,"",EDATE(DATE(YEAR(B3),MONTH(B3),1),9)+14) | X7: =IF(N(B3)=0,"",EDATE(DATE(YEAR(B3),MONTH(B3),1),10)-1) | Y7: =IF(N(B3)=0,"",EDATE(DATE(YEAR(B3),MONTH(B3),1),10)+14) | Z7: =IF(N(B3)=0,"",EDATE(DATE(YEAR(B3),MONTH(B3),1),11)-1) | AA7: =IF(N(B3)=0,"",EDATE(DATE(YEAR(B3),MONTH(B3),1),11)+14) | AB7: =IF(N(B3)=0,"",EDATE(DATE(YEAR(B3),MONTH(B3),1),12)-1) | AC7: =IF(N(B3)=0,"",EDATE(DATE(YEAR(B3),MONTH(B3),1),12)+14) | AD7: =IF(N(B3)=0,"",EDATE(DATE(YEAR(B3),MONTH(B3),1),13)-1) | AE7: =IF(N(B3)=0,"",EDATE(DATE(YEAR(B3),MONTH(B3),1),13)+14) | AF7: =IF(N(B3)=0,"",EDATE(DATE(YEAR(B3),MONTH(B3),1),14)-1) | AG7: =IF(N(B3)=0,"",EDATE(DATE(YEAR(B3),MONTH(B3),1),14)+14) | AH7: =IF(N(B3)=0,"",EDATE(DATE(YEAR(B3),MONTH(B3),1),15)-1) | AI7: =IF(N(B3)=0,"",EDATE(DATE(YEAR(B3),MONTH(B3),1),15)+14) | AJ7: =IF(N(B3)=0,"",EDATE(DATE(YEAR(B3),MONTH(B3),1),16)-1) | AK7: =IF(N(B3)=0,"",EDATE(DATE(YEAR(B3),MONTH(B3),1),16)+14) | AL7: =IF(N(B3)=0,"",EDATE(DATE(YEAR(B3),MONTH(B3),1),17)-1) | AM7: =IF(N(B3)=0,"",EDATE(DATE(YEAR(B3),MONTH(B3),1),17)+14) | AN7: =IF(N(B3)=0,"",EDATE(DATE(YEAR(B3),MONTH(B3),1),18)-1)
A8: 바탕 만들기 · 퍼티 | D8: =IF(OR(N(B8)=0,N(C8)=0),"",IF(C8<B8,"⚠",C8-B8+1))
A9: 내부 수성페인트 초벌 | D9: =IF(OR(N(B9)=0,N(C9)=0),"",IF(C9<B9,"⚠",C9-B9+1))
A10: 내부 수성페인트 재벌 · 정벌 | D10: =IF(OR(N(B10)=0,N(C10)=0),"",IF(C10<B10,"⚠",C10-B10+1))
A11: 외부 수성페인트 | D11: =IF(OR(N(B11)=0,N(C11)=0),"",IF(C11<B11,"⚠",C11-B11+1))
A12: 걸레받이 세라믹 페인트 | D12: =IF(OR(N(B12)=0,N(C12)=0),"",IF(C12<B12,"⚠",C12-B12+1))
A13: 에폭시 코팅 · 라이닝(바닥) | D13: =IF(OR(N(B13)=0,N(C13)=0),"",IF(C13<B13,"⚠",C13-B13+1))
A14: 보수 · 보양 · 청소 | D14: =IF(OR(N(B14)=0,N(C14)=0),"",IF(C14<B14,"⚠",C14-B14+1))
A15: 검측 · 정리 | D15: =IF(OR(N(B15)=0,N(C15)=0),"",IF(C15<B15,"⚠",C15-B15+1))
D16: =IF(OR(N(B16)=0,N(C16)=0),"",IF(C16<B16,"⚠",C16-B16+1))
D17: =IF(OR(N(B17)=0,N(C17)=0),"",IF(C17<B17,"⚠",C17-B17+1))
D18: =IF(OR(N(B18)=0,N(C18)=0),"",IF(C18<B18,"⚠",C18-B18+1))
D19: =IF(OR(N(B19)=0,N(C19)=0),"",IF(C19<B19,"⚠",C19-B19+1))
D20: =IF(OR(N(B20)=0,N(C20)=0),"",IF(C20<B20,"⚠",C20-B20+1))
D21: =IF(OR(N(B21)=0,N(C21)=0),"",IF(C21<B21,"⚠",C21-B21+1))
A22: ※ 일수 = 완료 − 착수 + 1. 막대는 반달(1~15일 · 16일~말일) 단위입니다. 공정은 현장 여건 · 날씨에 따라 바뀔 수 있습니다.
A24: 하늘색 칸 = 자동(착공일 · 달 머리 · 일수). 공종 이름은 원본 차례를 미리 넣어 두었습니다 — 현장에 맞게 고쳐 쓰세요.

Sheet 조직
A1: K-건설맵 | k-conmap.com 건설 서식 | G1: ← 이 1행을 지우고 쓰셔도 됩니다
A3: 3.0 현 장 조 직 도
E5: 현 장 대 리 인
A7: │
B8: 품 질 관 리 자 | F8: ─┼─ | H8: 안 전 관 리 자
F9: │
A10: │
E11: 시 공 업 체
A13: │
E14: 작 업 팀 장
A16: ┌──────────┼──────────┐
A17: 도장공 | D17: 특별인부 | G17: 보통인부 | J17: 합 계
A18: 3 | D18: 1 | G18: 1 | J18: =IF(SUM(A18,D18,G18)=0,"",SUM(A18,D18,G18))
A20: 4.0 기능인력 투입계획 및 주자재 조달계획
A22: 1) 기능 인력(현장 여건에 따라 작업 인원 변동) — 1일 투입인원(2개조)
A23: 구 분 | E23: 단 위 | G23: 수 량 | I23: 비 고
A24: 공사관리자 | E24: 인 | G24: 1
A25: 도장공 | E25: 인 | G25: 3
A26: 특별인부 및 조공 | E26: 인 | G26: 2
A27: 계 | E27: 인 | G27: =IF(SUM(G24,G25,G26)=0,"",SUM(G24,G25,G26))
A28: ※ 작업 수량에 따라 변동됩니다.
A29: 2) 주자재 조달계획
A30: 자 재 명 | E30: 수 량 | G30: 단위 | H30: 현장반입 예정일자 | J30: 비 고
J31: =IF(OR(N(H31)=0,N('개요'!D21)=0),"",IF(H31<'개요'!D21,"⚠ 착공 전 반입","착공 후 "&(H31-'개요'!D21)&"일"))
J32: =IF(OR(N(H32)=0,N('개요'!D21)=0),"",IF(H32<'개요'!D21,"⚠ 착공 전 반입","착공 후 "&(H32-'개요'!D21)&"일"))
J33: =IF(OR(N(H33)=0,N('개요'!D21)=0),"",IF(H33<'개요'!D21,"⚠ 착공 전 반입","착공 후 "&(H33-'개요'!D21)&"일"))
J34: =IF(OR(N(H34)=0,N('개요'!D21)=0),"",IF(H34<'개요'!D21,"⚠ 착공 전 반입","착공 후 "&(H34-'개요'!D21)&"일"))
J35: =IF(OR(N(H35)=0,N('개요'!D21)=0),"",IF(H35<'개요'!D21,"⚠ 착공 전 반입","착공 후 "&(H35-'개요'!D21)&"일"))
J36: =IF(OR(N(H36)=0,N('개요'!D21)=0),"",IF(H36<'개요'!D21,"⚠ 착공 전 반입","착공 후 "&(H36-'개요'!D21)&"일"))
J37: =IF(OR(N(H37)=0,N('개요'!D21)=0),"",IF(H37<'개요'!D21,"⚠ 착공 전 반입","착공 후 "&(H37-'개요'!D21)&"일"))
J38: =IF(OR(N(H38)=0,N('개요'!D21)=0),"",IF(H38<'개요'!D21,"⚠ 착공 전 반입","착공 후 "&(H38-'개요'!D21)&"일"))
J39: =IF(OR(N(H39)=0,N('개요'!D21)=0),"",IF(H39<'개요'!D21,"⚠ 착공 전 반입","착공 후 "&(H39-'개요'!D21)&"일"))
J40: =IF(OR(N(H40)=0,N('개요'!D21)=0),"",IF(H40<'개요'!D21,"⚠ 착공 전 반입","착공 후 "&(H40-'개요'!D21)&"일"))
A42: 하늘색 칸 = 자동(인원 합계 · 기능인력 계 · 반입 시점 — 착공일 기준). 인원은 원본 계획서 인원을 넣어 두었습니다.

Sheet 시공관리
A1: K-건설맵 | k-conmap.com 건설 서식 | G1: ← 이 1행을 지우고 쓰셔도 됩니다
A3: 5.0 시 공 관 리
A6: 5-1 일반사항
A7: 1) 운반 · 보관 및 취급
A8: (1) | B8: 도장재는 밀봉된 용기에 넣어 개봉하지 않은 상태로 반입하고, 용기에는 도장재의 종류 · 색상 · 수량 · 제조일자 · 제조일련번호 · 상표 · 사용상 주의사항 · 바탕 준비사항 · 건조시간 · 배합에 관한 제조업자의 지침이 적혀 있어야 한다.
A9: (2) | B9: 도장재의 반입 시기는 공사기간 외에 품질시험에 걸리는 기간을 고려하여 정한다.
A10: (3) | B10: 가연성 도료는 전용 창고에 보관하는 것을 원칙으로 하며, 반입한 도료와 사용 중인 도료는 공사감독자가 승인한 창고에 보관하고 도료창고에 «화기 엄금» 표시를 한다.
A11: (4) | B11: 도료창고는 특히 화재에 주의하고, 창고 안과 주변에서 화기 사용을 엄금한다.
A12: (5) | B12: 도료는 될 수 있는 대로 밀봉하여 새거나 엎지르지 않게 다루고, 샌 것이나 엎지른 것은 발화 위험이 없도록 닦아 낸다.
A13: 2) 환경 요구사항
A14: (1) | B14: 도장 작업 중이나 도료 건조기간 중, 도장 장소의 환경 · 기상 조건이 아래와 같아 좋은 결과를 기대할 수 없으면 공사감독자가 승인할 때까지 도장하지 않는다.
A15: (2) | B15: 기온이 낮거나 습도가 높고 환기가 충분하지 않아 건조가 부적당할 때, 주위 기온이 5℃ 미만이거나 상대습도가 85% 를 넘을 때, 눈 · 비가 올 때 및 안개가 끼었을 때. 다만 재료 제조업자의 시방서에 따로 표시한 경우는 예외로 한다.
A17: 5-2 재료
A18: 1) 도장재의 일반 조건
A19: (1) | B19: 도장재료는 한국산업표준(KS)에서 정한 규격에 합격한 것을 쓴다.
A20: (2) | B20: 도료는 상표가 완전하고 개봉하지 않은 채로 현장에 반입하여 KS 표시 여부 · 규격번호 · 품명 · 종별 · 제조연월일 · 포장 번호 및 수량 · 구성성분(안료 · 용제) · 희석방법 · 색명 및 번호 등을 확인받는다.
A21: (3) | B21: 현장에서 쓰는 도장재는 종류별로 한 제조업자의 제품을 쓴다.
A22: (4) | B22: 공장에서 배합이 끝난 제품을 쓰며, 현장 희석은 제조업자가 인정하는 범위에서 한다.
A23: (5) | B23: 상도 · 중도 · 하도의 도막 색상은 서로 다르게 하며, 상도 후 마감 상태가 요구 기준에 맞아야 한다.
A24: 2) 합성수지 에멀션 페인트
A25: (1) | B25: 외부 수성페인트 — KS M 5310 의 1급에 맞는 합성수지 에멀션 페인트(외부용)로 한다. 도면 · 공사시방에 발수용 외부 수성페인트를 쓰도록 명시한 경우에는 KS M 5310 1급 제품으로서 KS M 7057 발수도 시험 결과 R7 이상인 제품으로 하며, 시험편은 KS M 5310 에 따라 만든 시편 5매로 한다.
A26: (2) | B26: 내부 수성페인트 — KS M 5320 의 1급에 맞는 합성수지 에멀션 페인트(내부용)로 한다.
A27: (3) | B27: 광택 합성수지 에멀션 페인트 — 광택 합성수지 에멀션 페인트 규정에 합격한 재료로 한다.
A28: 3) 바닥재 도료칠
A29: (1) | B29: 코팅형 에폭시 바닥재 — 품질은 승인된 제조업자의 품질자료에 따른다.
A30: (2) | B30: 아크릴 수지 에나멜 바닥재 — 품질은 승인된 제조업자의 품질자료에 따른다.
A32: 5-3 시공
A33: 1) 바탕 만들기(면처리)
A34: 각종 도료를 칠하기 전에 바탕 만들기(면처리 · 바탕조정 · 바탕처리 등)를 한다.
A35: 2) 일반 조건
A36: (1) | B36: 칠 바탕면은 칠이나 표면처리를 하기 전에 녹 · 해로운 부착물(먼지 · 기름 · 타르분 · 회반죽 · 플라스터 · 시멘트 · 모르타르)과 노화가 심한 구도막을 완전히 없애고 깨끗이 청소한다.
A37: (2) | B37: 못머리 등 금속이 바탕면에 드러난 곳은 상부 칠 종류에 맞는 녹 방지 조치를 따로 한다.
A38: (3) | B38: 칠할 부위에 붙은 비도장 부위는 바탕정리나 칠하기 전에 보양재를 덮어 도료가 묻지 않게 한다. 특히 실내에서는 벽 · 바닥 · 인접 시설에 묻지 않도록 비닐 · 신문지 등으로 보양한다.
A39: (4) | B39: 면의 결점(홈 · 구멍 · 갈라짐 · 변형 · 옹이 · 흡수성이 고르지 않은 곳 등)을 보수하여 칠하기 좋은 상태로 한다.
A40: (5) | B40: 배어 나오기 · 녹아 나오기 등에 의한 해로운 물질(수분 · 기름 · 수지 · 산 · 알칼리 등)의 작용을 막는 처리를 한다.
A41: (6) | B41: 색상 · 재질이 다른 칠이 만나는 경계는 경계선이 곧도록 테이핑 작업을 한다.
A42: (7) | B42: 도장재와 바탕 종류에 따라 따로 표면처리가 필요하면 도료 제조업자의 지침에 따라 바탕처리를 한다.
A43: 3) 바탕 만들기 공법
A44: 바탕 만들기 공정의 종별(바탕 종류 · 공법)은 아래에 따르며, 종별 지시가 없으면 철재면 3종, 아연도금면 2종 또는 3종, 경금속 및 동합금면 2종으로 한다. 다만 비닐계 에나멜 도장일 때는 철재면 2종, 아연도금면 1종으로 하고, 100℃ 이상에서 건조시키는 공업용 도장은 1종(인산염 처리)으로 한다.
A45: [ 바탕 만들기의 도장 종별 ]
A46: 바 탕 의 종 류 | E46: 종 류 | G46: 공 법
A47: 목부 · 플라스터 · 모르타르 · 콘크리트면 | E47: 1종 | G47: 부분 퍼티 처리
E48: 2종 | G48: 전면 퍼티 처리
E49: 3종 | G49: 이음새 퍼티 처리
A50: 철재면 | E50: 1종 | G50: 인산염 처리를 할 때
E51: 2종 | G51: 금속 바탕처리용 프라이머를 칠할 때
E52: 3종 | G52: 보통의 금속
A53: 아연도금면 | E53: 1종 | G53: 금속 바탕처리용 프라이머를 칠할 때
E54: 2종 | G54: 황산아연 수용액을 칠할 때
E55: 3종 | G55: 옥외로서 풍우에 닿을 때
A56: 경금속 및 동합금면 | E56: 1종 | G56: 인산염 처리를 할 때
E57: 2종 | G57: 금속 바탕처리용 프라이머를 칠할 때
A58: 4) 합성수지 에멀션 페인트 도장 — 외부 및 내부 수성페인트
A59: 공정 | B59: 내 용 | D59: 재 료(희석) | G59: 희석비율 (중량비) | I59: 건조시간 | K59: 도료량 (kg/㎡)
A60: 1 | B60: 바탕처리 | D60: 연마지 #100 ~ 160 | G60: — | I60: — | K60: —
A61: 2 | B61: 초벌 도장(1회) | D61: 합성수지 에멀션 투명 | G61: 100 | I61: 3시간 이상 | K61: 0.08
A62: 3 | B62: 퍼티 먹임 | D62: 합성수지 에멀션 페인트 100 / 물 0 ~ 5 | G62: 100 : 0 ~ 5 | I62: 3시간 이상 | K62: —
A63: 4 | B63: 연 마 | D63: 연마지 #180 ~ 240 | G63: — | I63: — | K63: —
A64: 5 | B64: 재벌 도장(1회) | D64: 합성수지 에멀션 페인트 100 / 물 5 ~ 20 | G64: 100 : 5 ~ 20 | I64: 3시간 이상 | K64: 0.10
A65: 6 | B65: 정벌 도장(1회) | D65: 합성수지 에멀션 페인트 100 / 물 5 ~ 20 | G65: 100 : 5 ~ 20 | I65: 3시간 이상 | K65: 0.10
A66: (주) | B66: 바탕처리는 위 1) ~ 3) 에 따른다.
B67: 에어리스 뿜칠의 조합비율 표준은 뿜칠 압력 100 ~ 150kg/㎠ 정도일 때이며, 압축기 압력에 따라 물의 양을 가감한다.
B68: 회반죽 · 플라스터 · 나무섬유판 · 석고보드 등 흡수성이 심할 때는 흡수방지 도료를 칠한다. 도장 횟수는 공사감독자의 지시에 따른다.
B69: 내부용은 KS M 5320, 외부용은 KS M 5310 으로 도장 공정은 같다.
B70: 가. 주의사항
A71: (1) | C71: 5℃ 이하에서 도장하면 균열이 생기거나 도막이 형성되지 않으므로 도장을 피한다.
A72: (2) | C72: 부착성을 고려하여 과다한 희석은 피한다.
A73: (3) | C73: 저장 · 수송 중 얼지 않게 한다(0℃ 이하일 때).
A74: (4) | C74: 모서리 등 붓으로 새김질한 면과 롤러 도장면의 색이 다를 수 있으므로, 새김질은 같은 규격번호로 하고 가능한 희석하지 않고 먼저 하여 색 차이를 줄인다.
A75: (5) | C75: 시멘트 모르타르면은 충분히 양생(pH 9 이하)한다.
A76: 5) 바닥 도료의 도장
A77: (1) | B77: 바닥 도료는 내마모성 · 내충격성 · 탄성이 풍부한 2액형 폴리우레탄 도료, 내약품성이 뛰어난 폴리아마이드 경화형 에폭시수지 주성분의 2액형 에폭시 도료, 자연건조형 아크릴수지 에나멜 등 3종류가 있으며, 솔이나 롤러 등으로 고르게 바른다.
A78: [ 바닥 도료의 종별 — 콘크리트 · 모르타르면 ]
A79: 칠 종 류 | D79: 형 식 | G79: 초벌 도장 | I79: 재벌 도장 | K79: 정벌 도장
A80: 우레탄계 | D80: 일반형(코팅) | G80: 1 | I80: 1 ~ 2 | K80: 1
D81: 두께 3mm 형 | G81: 1 | I81: 1 | K81: 1
A82: 에폭시계 | D82: 일반형(코팅) | G82: 1 | I82: 1 ~ 2 | K82: 1
D83: 두께 3mm 형 | G83: 1 | I83: 1 | K83: 1
A84: 아크릴계 | D84: 일반형(코팅) | G84: 1 | I84: 1 ~ 2 | K84: 1
B85: (3) 코팅형 에폭시 바닥 도장
A86: 공정 | B86: 내 용 | D86: 재 료(희석) | G86: 희석비율 (중량비) | I86: 건조시간 | K86: 도료량 (kg/㎡)
A87: 1 | B87: 바탕처리 | D87: 위 1) ~ 3) 에 따라 처리 | G87: — | I87: — | K87: —
A88: 2 | B88: 초벌 도장(1회) | D88: 에폭시 수지 프라이머(투명) 100 / 지정 신너 0 ~ 20 | G88: 100 : 0 ~ 20 | I88: 8시간 이내 | K88: 0.08
A89: 3 | B89: 재벌 도장(1회) | D89: 에폭시 수지 서페이서 100 / 지정 신너 0 ~ 20 | G89: 100 : 0 ~ 20 | I89: 24시간 | K89: 0.20 ~ 0.45
A90: 4 | B90: 정벌 도장(1회) | D90: 우레탄 수지 에나멜 100 / 지정 신너 0 ~ 20 | G90: 100 : 0 ~ 20 | I90: 24시간 | K90: 0.20
B91: (4) 주의사항
A92: - | C92: 바탕에 기름 · 수분 등이 있으면 겔(Gel)화되어 부착이 나쁘므로 바탕을 충분히 말린 뒤 칠한다.
A93: - | C93: 반드시 지정된 신너를 쓰며, 폴리우레탄 중도재는 재도장 시간을 지켜야 층간 밀착이 좋다.
A94: - | C94: 경화제는 폭발 위험이 있으므로 밀폐된 곳에 저장하고 직사광선을 피한다.
A95: - | C95: 각 도료는 칠하기 전에 주제와 경화제를 지시된 비율로 4 ~ 5분 정도 고르게 섞어 쓴다.
A96: - | C96: 콘크리트 강화제로 처리된 면은 쇼트 블라스팅 · 그라인딩 또는 산세척 후 수돗물로 깨끗이 씻어 완전히 말리고, 도장 전에 도료와의 부착성을 반드시 확인한다. 산 처리 작업 때는 고무장화 · 고무장갑 · 마스크 등 보호구를 착용한다.
A97: - | C97: 표면의 균열이나 요철 부분은 V자형으로 파내고 하도를 칠해 말린 뒤 퍼티로 처리하여 표면을 평활하게 조정한다.
B98: (5) 시공 순서
A99: 가. | C99: 재료의 배합 — 주제(A액)와 경화제(B액)를 섞기 전에 용기 안에서 충분히 젓고, 지정된 중량 배합비율에 따라 전동 드릴로 고루 섞되 가사시간 안에 쓸 수 있는 양만 배합한다.
A100: 나. | C100: 표면처리 — 표면의 이물질(유분 · 오물 · 레이턴스 등)을 와이어 브러시 · 샌드 블라스트 · 전동공구로 완전히 없애고 충분히 말린다. 균열이나 표면 불량 부위는 균열 보수 절차에 따라 보수한 뒤 도장한다.
A101: 다. | C101: 하도(1차 프라이머) — 바탕처리가 끝나면 투명 에폭시를 압송식 분무기 · 롤러로 곧바로 발라 40㎛ 두께가 되게 한다.
A102: 라. | C102: 중도 — 하도가 끝나면 제조업체가 정한 배합비율로 섞어 압송식 분무기 · 솔 · 롤러 또는 고무주걱으로 고루 바른다.
A103: 마. | C103: 2차 중도 — 도막을 충분히 말린 뒤 2차 중도재를 표면에 골고루 바른다.
A104: 바. | C104: 상도 — 중도 2회 후 도막을 충분히 말린 뒤 상도재를 표면에 충분히 바른다.
A106: 6.0 검 측 FLOW CHART
...

Sheet 검측체크
A1: K-건설맵 | k-conmap.com 건설 서식 | G1: ← 이 1행을 지우고 쓰셔도 됩니다
A2: 검 측 체 크 리 스 트
A3: 공종 CODE NO. | E3: 도 장 공 사 | G3: 위치 및 부위
A4: 공종(세부공종) | C4: 공통사항 | G4: 검 측 일 자
A5: 검 사 항 목 | F5: 검 사 기 준 (시방서 · 도면 등) | H5: 검 사 결 과 | L5: 조치 사항
H6: 1 차 | J6: 2 차
H7: 합격 | I7: 불합격 | J7: 합격 | K7: 불합격
A8: 1. 자재공급원 승인은 되었는가 | F8: 승인 여부
A9: 2. 바탕처리는 적정한가(레이턴스 · 먼지 · 오염 제거 등) | F9: 적 · 부
A10: 3. 구조체 곰보 · 이음 조인트 · 균열 · 재료분리 등의 조치는 적정한가 | F10: 적 · 부
A11: 4. 재료의 종류 · 규격 · 품질보증서 등은 확인하였는가 | F11: 적 · 부
A12: 5. 바탕면이 충분히 건조(함수율 5% 이하)되었는가 | F12: 적 · 부
A13: 6. 다른 부위가 오염되지 않게 조치하였는가 | F13: 적 · 부
A14: 7. 재료의 보관 장소 및 보관 방법은 적정한가 | F14: 적 · 부
A15: 8. 시공 때 기온 5℃ 이하 · 습도 80% 이상이면 작업을 중단하고 있는가 | F15: 적 · 부
A16: 판 정 | D16: =IF(COUNTA(H8:H15)+COUNTA(I8:I15)=0,"","1차 합격 "&COUNTA(H8:H15)&" · 불합격 "&COUNTA(I8:I15)&IF(COUNTA(I8:I15)>0," / 2차 합격 "&COUNTA(J8:J15)&" · 불합격 "&COUNTA(K8:K15),"")&IF(COUNTA(H8:H15)+COUNTA(I8:I15)<8," · 빈칸 "&(8-COUNTA(H8:H15)-COUNTA(I8:I15)),"")&" → "&IF(COUNTA(I8:I15)=0,IF(COUNTA(H8:H15)+COUNTA(I8:I15)<8,"점검 중","합격"),IF(AND(COUNTA(K8:K15)=0,COUNTA(J8:J15)>=COUNTA(I8:I15)),"합격(재검측)","보완 후 재검측")))
A17: 시 공 자 점 검 | G17: 건 설 사 업 관 리 자 검 측
A18: 점 검 | D18: 재 점 검 | G18: 검 측 | J18: 재 검 측
A19: (인) | D19: (인) | G19: (인) | J19: (인)
A20: 검 측 체 크 리 스 트
A21: 공종 CODE NO. | E21: 도 장 공 사 | G21: 위치 및 부위
A22: 공종(세부공종) | C22: 수성페인트 | G22: 검 측 일 자
A23: 검 사 항 목 | F23: 검 사 기 준 (시방서 · 도면 등) | H23: 검 사 결 과 | L23: 조치 사항
H24: 1 차 | J24: 2 차
H25: 합격 | I25: 불합격 | J25: 합격 | K25: 불합격
A26: 1. 시공 때 온도는 적정한가 | F26: 적 · 부
A27: 2. 바탕처리는 적정한가(레이턴스 · 먼지 · 오염 제거 등) | F27: 적 · 부
A28: 3. 구조체 곰보 · 이음 조인트 · 균열 · 재료분리 등의 조치는 적정한가 | F28: 적 · 부
A29: 4. 재료의 종류 · 규격 · 품질보증서 등은 확인하였는가 | F29: 적 · 부
A30: 5. 환기 및 조명 설치는 충분한가 | F30: 적 · 부
A31: 6. 재료 배합은 적절한가 | F31: 적 · 부
A32: 7. 시공 절차를 지키는가 | F32: 적 · 부
A33: 8. 칠 두께는 고른가 | F33: 적 · 부
A34: 9. 시공 후 보양 대책은 세웠는가 | F34: 적 · 부
A35: 10. 정해진 색상을 쓰는가 | F35: 적 · 부
F36: 적 · 부
F37: 적 · 부
F38: 적 · 부
A39: 판 정 | D39: =IF(COUNTA(H26:H38)+COUNTA(I26:I38)=0,"","1차 합격 "&COUNTA(H26:H38)&" · 불합격 "&COUNTA(I26:I38)&IF(COUNTA(I26:I38)>0," / 2차 합격 "&COUNTA(J26:J38)&" · 불합격 "&COUNTA(K26:K38),"")&IF(COUNTA(H26:H38)+COUNTA(I26:I38)<13," · 빈칸 "&(13-COUNTA(H26:H38)-COUNTA(I26:I38)),"")&" → "&IF(COUNTA(I26:I38)=0,IF(COUNTA(H26:H38)+COUNTA(I26:I38)<13,"점검 중","합격"),IF(AND(COUNTA(K26:K38)=0,COUNTA(J26:J38)>=COUNTA(I26:I38)),"합격(재검측)","보완 후 재검측")))
A40: 시 공 자 점 검 | G40: 건 설 사 업 관 리 자 검 측
A41: 점 검 | D41: 재 점 검 | G41: 검 측 | J41: 재 검 측
A42: (인) | D42: (인) | G42: (인) | J42: (인)
A43: 검 측 체 크 리 스 트
A44: 공종 CODE NO. | E44: 도 장 공 사 | G44: 위치 및 부위
A45: 공종(세부공종) | C45: 에폭시 라이닝 | G45: 검 측 일 자
A46: 검 사 항 목 | F46: 검 사 기 준 (시방서 · 도면 등) | H46: 검 사 결 과 | L46: 조치 사항
H47: 1 차 | J47: 2 차
H48: 합격 | I48: 불합격 | J48: 합격 | K48: 불합격
A49: 1. 재료의 종류 · 규격 · 품질보증서 등은 확인하였는가 | F49: 적 · 부
A50: 2. 바탕처리는 적정한가(레이턴스 · 먼지 · 오염 제거 등) | F50: 적 · 부
A51: 3. 구조체 곰보 · 이음 조인트 · 균열 · 재료분리 등의 조치는 적정한가 | F51: 적 · 부
A52: 4. 프라이머는 배합비율에 맞게 섞어 알맞은 양을 발랐는가 | F52: 적 · 부
A53: 5. 바탕조정층은 배합비율에 맞게 섞어 알맞은 양을 발랐는가 | F53: 적 · 부
A54: 6. 주제와 경화제를 지시된 비율로 고르게 섞었는가 | F54: 적 · 부
A55: 7. 시공 절차를 지키는가 | F55: 적 · 부
A56: 8. 에폭시 마감 두께는 고른가 | F56: 적 · 부
A57: 9. 시공 후 보양 대책은 세웠는가 | F57: 적 · 부
A58: 10. 정해진 색상을 쓰는가 | F58: 적 · 부
A59: 판 정 | D59: =IF(COUNTA(H49:H58)+COUNTA(I49:I58)=0,"","1차 합격 "&COUNTA(H49:H58)&" · 불합격 "&COUNTA(I49:I58)&IF(COUNTA(I49:I58)>0," / 2차 합격 "&COUNTA(J49:J58)&" · 불합격 "&COUNTA(K49:K58),"")&IF(COUNTA(H49:H58)+COUNTA(I49:I58)<10," · 빈칸 "&(10-COUNTA(H49:H58)-COUNTA(I49:I58)),"")&" → "&IF(COUNTA(I49:I58)=0,IF(COUNTA(H49:H58)+COUNTA(I49:I58)<10,"점검 중","합격"),IF(AND(COUNTA(K49:K58)=0,COUNTA(J49:J58)>=COUNTA(I49:I58)),"합격(재검측)","보완 후 재검측")))
A60: 시 공 자 점 검 | G60: 건 설 사 업 관 리 자 검 측
A61: 점 검 | D61: 재 점 검 | G61: 검 측 | J61: 재 검 측
A62: (인) | D62: (인) | G62: (인) | J62: (인)
A64: 결과 칸에 ○ 를 적습니다(합격 또는 불합격 칸). 1차 불합격 항목은 보완 뒤 2차 칸에 적으면 «판정» 이 저절로 바뀝니다. 빈 줄은 항목을 더 적는 곳입니다.

Sheet 관리계획
A1: K-건설맵 | k-conmap.com 건설 서식 | G1: ← 이 1행을 지우고 쓰셔도 됩니다
A3: 7.0 품 질 관 리 계 획
A6: 7-1 자재 관리
A7: 1) 적용범위
A8: 입고 자재가 취급 · 보관 등으로 품질이 손상되지 않도록 관리하는 업무에 적용한다.
A9: 2) 창고 구비 조건
A10: (1) | B10: 보관품은 알맞은 기준에 따라 품질에 변형을 주지 않는 장소에 둔다.
A11: (2) | B11: 야적장은 배수가 잘되고 주위에 위험요소가 없는 평탄한 곳으로 자재 운반이 쉬워야 하며, 밖에 두어도 품질 변화가 적은 자재만 보관한다.
A12: 3) 관리 방법
A13: (1) | B13: 보관품은 종류별 · 규격별로 반입 · 반출이 쉬운 상태로 보관하고, 포대 · 상자 또는 완전 포장된 것은 품명 · 수량 등을 적는다.
A14: (2) | B14: 롤(ROLL) 단위 시트류 — 습기 · 물기가 없는 지정 장소에 보관하고, 무게로 휘지 않게 야적량을 알맞게 하며, 세워서 규격별로 정리한다.
A15: (3) | B15: 캔류 — 파손 · 손상을 막기 위해 따로 구분 · 식별하여 관리하고, 다른 공정 작업자 등으로부터 피해를 받지 않게 하며, 찌그러지거나 터지지 않게 보관 · 운반하고, 포장재가 녹슬거나 라벨이 손상되지 않게 한다.
A16: (4) | B16: 그 밖의 자재 — 보관용 선반 · 전용 케이스 등을 이용하여 보관한다.
A18: 7-2 공정별 품질시험 계획
B19: (1) 시공 전 품질관리 — 자재 반입 검사(소요량 참조) · 바탕 상태 검사(바탕처리 후)
A20: [ 바탕 상태 검사 체크리스트 ]
A21: 공 정 | C21: 상 태 | G21: 확인 방법 | I21: 판 정 기 준
A22: 바탕처리 | C22: 거푸집 단차 및 돌기물 | G22: 육안검사 | I22: 높이 3mm 이하
C23: 거푸집 박리제 | G23: 육안검사 | I23: 없음
C24: 레이턴스 · 기름 · 먼지 등 | G24: 육안검사 | I24: 없음
C25: 균열 및 누수 부위 | G25: 육안 · 확대경 | I25: 없음 또는 보수 · 보강 처리되어 있을 것
C26: 나무조각 · 철사 · 종이류 | G26: 육안검사 | I26: 없음
C27: 취약 부위(골재분리 등) 충전 | G27: 육안검사 | I27: 취약 부위가 보강되어 있을 것
B28: (2) 시공 중 품질관리 — 공정별 도장 횟수 확인 · 재료 사용량 준수 여부 · 도장 부위의 하자 발생 여부
B29: (3) 시공 후 품질관리 — 도장 부위의 들뜸 · 손상 · 균열 · 얼룩 발생 여부 · 표면 상태 확인
A31: 8.0 환 경 관 리 계 획
A34: 8-1 개 요
A35: 현장의 폐기물 · 유류 · 쓰레기 및 소음 · 진동 · 비산먼지 등에 의한 오염을 방지한다.
A37: 8-2 중점관리 방침
A38: (1) | B38: 자율적인 환경관리
A39: (2) | B39: 쾌적한 작업환경 관리
A40: (3) | B40: 민원 발생 방지
A42: 8-3 실시계획
A43: (1) | B43: 작업 전후 정리정돈 : 작업 전후 정리정돈을 철저히 하여 쾌적한 작업환경을 유지한다.
A44: (2) | B44: 분리수거 : 분리수거를 철저히 하고, 도장 작업에서 나온 폐기물(빈 도료 용기 · 폐신너 · 걸레 등)은 시공업체 부담으로 적법하게 처리하여 쓰레기를 줄인다.
A45: (3) | B45: 민원 발생 억제 : 소음 · 진동 · 비산먼지 · 냄새를 최대한 억제하여 인근 주민의 생활에 피해가 없도록 하고, 적극적으로 환경관리 활동을 한다.
B46: (4) 환경관리 대책
A47: ① | C47: 쓰레기 처리 : 현장 안은 금연하고 쓰레기 수거함을 둔다.
A48: ② | C48: 잔재물 · 빈 용기 : 빈 도료 용기 · 폐신너 · 도료 묻은 걸레는 인화 위험이 없도록 뚜껑 있는 용기에 모아 지정 장소에 두고, 지정폐기물은 허가 업체에 위탁 처리한다.
A49: ③ | C49: 비산먼지 : 현장 안 주요 도로와 작업장 주변은 하루 2회 이상 살수차로 살수하고, 장비 이동 때 먼지가 나지 않도록 서행한다.
A51: 9.0 안 전 관 리 계 획
A54: 9-1 안전대책
B55: 가. 안전 보호구 확보 · 지급 · 사용 계획 — 개인보호구는 산업안전보건법에서 정한 규격과 품질검사(안전인증)에 합격한 제품을 쓰는 것을 원칙으로 한다.
B56: 나. 안전점검
A57: 구 분 | D57: 점검 시기 | F57: 참석자 대상 | J57: 비 고
A58: 주간 점검 | D58: 매주 1회 | F58: 현장소장 · 안전관리자 | J58: 현장 순회 점검
A59: 일일 점검 | D59: 매일 1회 | F59: 관리감독자 · 안전담당자 | J59: 현장 순회 점검
B60: 다. 작업 중 안전관리
A61: ① | C61: 개인보호구를 철저히 착용하고, 특히 신발은 미끄럼 방지가 되어야 한다.
A62: ② | C62: 차량 출입구에는 신호수를 세우고 노면 상태를 점검 · 보수한다.
A63: ③ | C63: 야간작업 때 위험요소에는 잘 보이도록 보안등 및 위험 표시등을 설치한다.
A64: ④ | C64: 야간 작업자 관리와 야간 순찰을 위해 야간 당직 계획을 세워 시행한다.
B65: 라. 작업 후 안전관리
A66: ① | C66: 작업이 끝나면 기계 · 기구는 지정된 장소에 두고 작업 주변을 깨끗이 한다.
A67: ② | C67: 작업 교대 때는 작업에 관한 전반적인 사항을 확실히 인수인계한다.
A68: ③ | C68: 작업자는 작업 공정을 숙지하여 안전에 만전을 기한다.
A69: ④ | C69: 작업구역에는 관계없는 사람의 출입을 통제한다.
A70: ⑤ | C70: 강우 · 폭우 · 폭설 등 악천후 때에는 작업을 중지한다.
B71: 마. 유기용제 중독 예방
A72: ① | C72: 밀폐되거나 환기가 나쁜 실내에서 유성 도료 · 신너 · 에폭시 등을 쓸 때는 국소배기 또는 이동식 송풍기로 충분히 환기하고, 방독마스크 등 호흡용 보호구를 착용한다.
A73: ② | C73: 밀폐공간(지하 피트 · 수조 등)은 작업 전에 산소 · 유해가스 농도를 측정하고, 감시인을 두며, 작업 중에도 계속 환기한다.
A74: ③ | C74: 작업 뒤 도장한 곳이 마를 때까지는 출입을 삼가고, 두통 · 어지럼증이 있으면 즉시 작업을 멈추고 신선한 공기가 있는 곳으로 옮긴다.
A75: ④ | C75: 사용하는 도료 · 신너의 물질안전보건자료(MSDS)를 작업장에 게시하고 작업자에게 교육한다.
B76: 바. 화재 예방
A77: ① | C77: 가스 · 석유류 · 신너류 등 인화성 물질은 통풍이 잘되고 작업자의 통행이 빈번하지 않은 곳에 보관하며, 지하실 · 공동구 등 밀폐된 공간에는 보관하지 않는다. 소화기는 해당 층에 3개씩 둔다.
A78: ② | C78: 전기 배선이 느슨하게 결선된 것은 쓰지 않으며, 도장 작업장 가까이에서는 용접 · 절단 등 화기 작업을 하지 않는다.
B79: 사. 기타 — 안전사고 예방을 위해 일일 안전점검을 철저히 한다.
A81: 9-2 안전교육
A82: 구 분 | C82: 대 상 | E82: 시기 · 시간 | G82: 담 당 자 | I82: 방법 | J82: 교 육 내 용
A83: 정기교육 | C83: 전 근로자 | E83: 매월 1회 2시간 (매반기 12시간 이상) | G83: 안전관리자 | I83: 집합교육 | J83: 산업안전보건법령 · 표준안전작업 · 사고사례 등
A84: 정기교육 | C84: 관리감독자 | E84: 연간 16시간 이상 | G84: 안전관리자 | I84: 집합교육 | J84: 관리감독자 책무 · 안전작업 · 사고사례 등
A85: 채용 시 교육 | C85: 신규 채용자 | E85: 일용 1시간 이상 그 밖 8시간 이상 | G85: 안전관리자 | I85: 개별 · 집합 | J85: 회사 방침 · 작업 방법 · 응급조치 등
A86: 작업내용 변경 시 교육 | C86: 해당 근로자 | E86: 일용 1시간 이상 그 밖 2시간 이상 | G86: 관리감독자 | I86: 개별 · 집합 | J86: 변경된 작업 방법 및 설비 사용법 등
A87: 특별교육 (유해 · 위험 작업) | C87: 해당 근로자 | E87: 일용 2시간 이상 그 밖 16시간 이상 | G87: 관리감독자 안전관리자 | I87: 개별 · 집합 | J87: 사고 발생 원인 · 대책 · 안전의식 고취 등
A88: 현장 안전교육 | C88: 관리감독자 전 근로자 | E88: 분기별 2시간 | G88: 현장소장 외부강사 | I88: 집합교육 | J88: 현장 안전 방침 · 무재해 운동 등
A89: 작업 전 교육 | C89: 전 근로자 | E89: 작업 전 5 ~ 10분 | G89: 안전담당자 | I89: T.B.M | J89: 작업 내용 · 개인보호구 · 근로자 피로도 · 건강 상태
A90: ※ 법정 교육시간은 산업안전보건법 시행규칙 [별표 4](2023년 개정 이후) 기준입니다(«일용» = 일용근로자 · 근로계약 1주 이하 기간제). 1주 초과 1개월 이하 기간제의 채용 시 교육은 4시간 이상이며, 건설 일용근로자는 처음 투입 전에 건설업 기초안전보건교육(4시간)을 이수해야 합니다. 법령이 바뀌면 노란 칸을 고쳐 씁니다.
A92: 9-3 중점 안전 관리사항
A93: ① | B93: 안전교육 강화 — 유해 · 위험 작업 전 안전교육, 방송 · 매체를 통한 일일 안전교육, 적극적인 안전활동 지도
A94: ② | B94: 일일 안전점검 강화 — 개인 안전보호구 착용 상태, 가설물 안전 예방조치(비계 · 작업발판 등 가설재의 날림 · 낙하 방지, 가설계단 미끄럼 방지)
A95: ③ | B95: 안전시설물 설치 상태 — 안전망 · 방호선반 · 안전울타리 · 안전표지판 등, 위험방지시설의 조명 · 환기 · 배수, 기계 · 기구의 안전장치
A96: ④ | B96: 화재 예방 조치 — 용접기 · 인화물질 등에 의한 화재 예방, 소화기 비치 여부, 가설 전주 지지 상태, 분전함 관리 및 배선 정리 상태
A97: ⑤ | B97: 기타 안전조치 — 강설 · 강풍 때 공사 중단 여부 확인, 자재 정리 및 정돈 상태
A99: 노란 칸 = 법정 교육시간(법령이 바뀌면 고쳐 씀). 그 밖의 문구는 원본 계획서를 다듬은 것입니다.

Sheet 예시-표지
A1: K-건설맵 | k-conmap.com 건설 서식 | G1: 작성 예시 (가상의 현장)
A3: 가나학교 교사 증축공사
A5: 시 공 계 획 서
A6: [ 도장공사 ]
A8: 46174
A10: 예시건설(주)
A12: 이 시트는 작성 예시입니다(가상의 공사 · 회사 · 사람).

Sheet 예시-개요
A1: K-건설맵 | k-conmap.com 건설 서식 | G1: 작성 예시 (가상의 현장)
A3: 목 차
C5: 1. 공 사 개 요
C6: 2. 예 정 공 정 표
C7: 3. 현 장 조 직 도
C8: 4. 기능인력 투입계획 및 주자재 조달계획
C9: 5. 시 공 관 리
C10: 6. 검측 FLOW CHART · 검측 체크리스트
C11: 7. 품 질 관 리 계 획
C12: 8. 환 경 관 리 계 획
C13: 9. 안 전 관 리 계 획
A15: 1.0 공 사 개 요
A17: 공 사 명 | D17: =IF(OR('예시-표지'!A3="",'예시-표지'!A3="(공 사 명)"),"",'예시-표지'!A3)
A18: 1) 공사목적
A19: =" 이 공사의 목적은 "&IF(D17="","본 공사",D17)&"의 도장공사를 하기 전에 공사계획을 철저히 세워 예상되는 문제를 최소화하고, 공정표에 따라 인원과 자재를 원활히 수급하며, 품질기준과 안전기준을 마련하여 도장공사를 성공적으로 수행하는 데 있다."
A20: 2) 공사기간
A21: 공 사 기 간 | D21: 46083 | F21: ~ | G21: 46387 | I21: =IF(OR(N(D21)=0,N(G21)=0),"",IF(G21<D21,"⚠ 준공일이 착공일보다 빠름",G21-D21+1))
A22: 시 공 사 | D22: =IF(OR('예시-표지'!A10="",'예시-표지'!A10="(회 사 명)"),"",'예시-표지'!A10)
A23: 3) 공사내역
A24: 구 분 | C24: 공 종 | F24: 규 격 | H24: 단위 | I24: 수 량 | K24: 비 고
A25: 교사동 | C25: 수성페인트(롤러칠) | F25: 내부 · 2회 · 친환경 | H25: ㎡ | I25: 2690
A26: 교사동 | C26: 수성페인트(롤러칠) | F26: 내부 석고보드면 · 2회 | H26: ㎡ | I26: 840
A27: 교사동 | C27: 수성페인트(롤러칠) | F27: 외부 · 2회 · 친환경 | H27: ㎡ | I27: 170
A28: 교사동 | C28: 세라믹 페인트(롤러칠) | F28: 걸레받이 | H28: ㎡ | I28: 75
A29: 교사동 | C29: 에폭시 코팅 | F29: 바닥 0.3mm | H29: ㎡ | I29: 185
A30: 실습동 | C30: 수성페인트(롤러칠) | F30: 내부 · 2회 · 친환경 | H30: ㎡ | I30: 2080
A31: 실습동 | C31: 비닐 페인트 | F31: 모르타르면 2회 | H31: ㎡ | I31: 95
A32: 실습동 | C32: 에폭시 코팅 | F32: 바닥 0.3mm | H32: ㎡ | I32: 200
A33: 실습동 | C33: 에폭시 라이닝 | F33: 바닥 3mm | H33: ㎡ | I33: 240
A37: 합 계 (단위가 ㎡ 인 줄) | H37: ㎡ | I37: =IF(SUMIF(H25:H36,"㎡",I25:I36)+SUMIF(H25:H36,"m2",I25:I36)=0,"",SUMIF(H25:H36,"㎡",I25:I36)+SUMIF(H25:H36,"m2",I25:I36))
A39: 이 시트는 작성 예시입니다(가상의 공사 · 회사 · 수량).

Sheet 예시-공정표
A1: K-건설맵 | k-conmap.com 건설 서식 | N1: 작성 예시 (가상의 현장)
A2: 2.0 예 정 공 정 표
A3: 착 공 일 | B3: =IF(N('예시-개요'!D21)=0,"",'예시-개요'!D21) | D3: ※ 착공일은 공사개요에서 따라옵니다. 공종마다 착수 · 완료일을 적으면 반달 칸에 막대가 그려집니다.
A4: 공 종 | B4: 착 수 | C4: 완 료 | D4: 일 수 | E4: =IF(N(B3)=0,"",EDATE(DATE(YEAR(B3),MONTH(B3),1),0)) | G4: =IF(N(B3)=0,"",EDATE(DATE(YEAR(B3),MONTH(B3),1),1)) | I4: =IF(N(B3)=0,"",EDATE(DATE(YEAR(B3),MONTH(B3),1),2)) | K4: =IF(N(B3)=0,"",EDATE(DATE(YEAR(B3),MONTH(B3),1),3)) | M4: =IF(N(B3)=0,"",EDATE(DATE(YEAR(B3),MONTH(B3),1),4)) | O4: =IF(N(B3)=0,"",EDATE(DATE(YEAR(B3),MONTH(B3),1),5)) | Q4: =IF(N(B3)=0,"",EDATE(DATE(YEAR(B3),MONTH(B3),1),6)) | S4: =IF(N(B3)=0,"",EDATE(DATE(YEAR(B3),MONTH(B3),1),7)) | U4: =IF(N(B3)=0,"",EDATE(DATE(YEAR(B3),MONTH(B3),1),8)) | W4: =IF(N(B3)=0,"",EDATE(DATE(YEAR(B3),MONTH(B3),1),9)) | Y4: =IF(N(B3)=0,"",EDATE(DATE(YEAR(B3),MONTH(B3),1),10)) | AA4: =IF(N(B3)=0,"",EDATE(DATE(YEAR(B3),MONTH(B3),1),11)) | AC4: =IF(N(B3)=0,"",EDATE(DATE(YEAR(B3),MONTH(B3),1),12)) | AE4: =IF(N(B3)=0,"",EDATE(DATE(YEAR(B3),MONTH(B3),1),13)) | AG4: =IF(N(B3)=0,"",EDATE(DATE(YEAR(B3),MONTH(B3),1),14)) | AI4: =IF(N(B3)=0,"",EDATE(DATE(YEAR(B3),MONTH(B3),1),15)) | AK4: =IF(N(B3)=0,"",EDATE(DATE(YEAR(B3),MONTH(B3),1),16)) | AM4: =IF(N(B3)=0,"",EDATE(DATE(YEAR(B3),MONTH(B3),1),17)) | AO4: 비 고
E5: 상 | F5: 하 | G5: 상 | H5: 하 | I5: 상 | J5: 하 | K5: 상 | L5: 하 | M5: 상 | N5: 하 | O5: 상 | P5: 하 | Q5: 상 | R5: 하 | S5: 상 | T5: 하 | U5: 상 | V5: 하 | W5: 상 | X5: 하 | Y5: 상 | Z5: 하 | AA5: 상 | AB5: 하 | AC5: 상 | AD5: 하 | AE5: 상 | AF5: 하 | AG5: 상 | AH5: 하 | AI5: 상 | AJ5: 하 | AK5: 상 | AL5: 하 | AM5: 상 | AN5: 하
E6: =IF(N(B3)=0,"",EDATE(DATE(YEAR(B3),MONTH(B3),1),0)) | F6: =IF(N(B3)=0,"",EDATE(DATE(YEAR(B3),MONTH(B3),1),0)+15) | G6: =IF(N(B3)=0,"",EDATE(DATE(YEAR(B3),MONTH(B3),1),1)) | H6: =IF(N(B3)=0,"",EDATE(DATE(YEAR(B3),MONTH(B3),1),1)+15) | I6: =IF(N(B3)=0,"",EDATE(DATE(YEAR(B3),MONTH(B3),1),2)) | J6: =IF(N(B3)=0,"",EDATE(DATE(YEAR(B3),MONTH(B3),1),2)+15) | K6: =IF(N(B3)=0,"",EDATE(DATE(YEAR(B3),MONTH(B3),1),3)) | L6: =IF(N(B3)=0,"",EDATE(DATE(YEAR(B3),MONTH(B3),1),3)+15) | M6: =IF(N(B3)=0,"",EDATE(DATE(YEAR(B3),MONTH(B3),1),4)) | N6: =IF(N(B3)=0,"",EDATE(DATE(YEAR(B3),MONTH(B3),1),4)+15) | O6: =IF(N(B3)=0,"",EDATE(DATE(YEAR(B3),MONTH(B3),1),5)) | P6: =IF(N(B3)=0,"",EDATE(DATE(YEAR(B3),MONTH(B3),1),5)+15) | Q6: =IF(N(B3)=0,"",EDATE(DATE(YEAR(B3),MONTH(B3),1),6)) | R6: =IF(N(B3)=0,"",EDATE(DATE(YEAR(B3),MONTH(B3),1),6)+15) | S6: =IF(N(B3)=0,"",EDATE(DATE(YEAR(B3),MONTH(B3),1),7)) | T6: =IF(N(B3)=0,"",EDATE(DATE(YEAR(B3),MONTH(B3),1),7)+15) | U6: =IF(N(B3)=0,"",EDATE(DATE(YEAR(B3),MONTH(B3),1),8)) | V6: =IF(N(B3)=0,"",EDATE(DATE(YEAR(B3),MONTH(B3),1),8)+15) | W6: =IF(N(B3)=0,"",EDATE(DATE(YEAR(B3),MONTH(B3),1),9)) | X6: =IF(N(B3)=0,"",EDATE(DATE(YEAR(B3),MONTH(B3),1),9)+15) | Y6: =IF(N(B3)=0,"",EDATE(DATE(YEAR(B3),MONTH(B3),1),10)) | Z6: =IF(N(B3)=0,"",EDATE(DATE(YEAR(B3),MONTH(B3),1),10)+15) | AA6: =IF(N(B3)=0,"",EDATE(DATE(YEAR(B3),MONTH(B3),1),11)) | AB6: =IF(N(B3)=0,"",EDATE(DATE(YEAR(B3),MONTH(B3),1),11)+15) | AC6: =IF(N(B3)=0,"",EDATE(DATE(YEAR(B3),MONTH(B3),1),12)) | AD6: =IF(N(B3)=0,"",EDATE(DATE(YEAR(B3),MONTH(B3),1),12)+15) | AE6: =IF(N(B3)=0,"",EDATE(DATE(YEAR(B3),MONTH(B3),1),13)) | AF6: =IF(N(B3)=0,"",EDATE(DATE(YEAR(B3),MONTH(B3),1),13)+15) | AG6: =IF(N(B3)=0,"",EDATE(DATE(YEAR(B3),MONTH(B3),1),14)) | AH6: =IF(N(B3)=0,"",EDATE(DATE(YEAR(B3),MONTH(B3),1),14)+15) | AI6: =IF(N(B3)=0,"",EDATE(DATE(YEAR(B3),MONTH(B3),1),15)) | AJ6: =IF(N(B3)=0,"",EDATE(DATE(YEAR(B3),MONTH(B3),1),15)+15) | AK6: =IF(N(B3)=0,"",EDATE(DATE(YEAR(B3),MONTH(B3),1),16)) | AL6: =IF(N(B3)=0,"",EDATE(DATE(YEAR(B3),MONTH(B3),1),16)+15) | AM6: =IF(N(B3)=0,"",EDATE(DATE(YEAR(B3),MONTH(B3),1),17)) | AN6: =IF(N(B3)=0,"",EDATE(DATE(YEAR(B3),MONTH(B3),1),17)+15)
E7: =IF(N(B3)=0,"",EDATE(DATE(YEAR(B3),MONTH(B3),1),0)+14) | F7: =IF(N(B3)=0,"",EDATE(DATE(YEAR(B3),MONTH(B3),1),1)-1) | G7: =IF(N(B3)=0,"",EDATE(DATE(YEAR(B3),MONTH(B3),1),1)+14) | H7: =IF(N(B3)=0,"",EDATE(DATE(YEAR(B3),MONTH(B3),1),2)-1) | I7: =IF(N(B3)=0,"",EDATE(DATE(YEAR(B3),MONTH(B3),1),2)+14) | J7: =IF(N(B3)=0,"",EDATE(DATE(YEAR(B3),MONTH(B3),1),3)-1) | K7: =IF(N(B3)=0,"",EDATE(DATE(YEAR(B3),MONTH(B3),1),3)+14) | L7: =IF(N(B3)=0,"",EDATE(DATE(YEAR(B3),MONTH(B3),1),4)-1) | M7: =IF(N(B3)=0,"",EDATE(DATE(YEAR(B3),MONTH(B3),1),4)+14) | N7: =IF(N(B3)=0,"",EDATE(DATE(YEAR(B3),MONTH(B3),1),5)-1) | O7: =IF(N(B3)=0,"",EDATE(DATE(YEAR(B3),MONTH(B3),1),5)+14) | P7: =IF(N(B3)=0,"",EDATE(DATE(YEAR(B3),MONTH(B3),1),6)-1) | Q7: =IF(N(B3)=0,"",EDATE(DATE(YEAR(B3),MONTH(B3),1),6)+14) | R7: =IF(N(B3)=0,"",EDATE(DATE(YEAR(B3),MONTH(B3),1),7)-1) | S7: =IF(N(B3)=0,"",EDATE(DATE(YEAR(B3),MONTH(B3),1),7)+14) | T7: =IF(N(B3)=0,"",EDATE(DATE(YEAR(B3),MONTH(B3),1),8)-1) | U7: =IF(N(B3)=0,"",EDATE(DATE(YEAR(B3),MONTH(B3),1),8)+14) | V7: =IF(N(B3)=0,"",EDATE(DATE(YEAR(B3),MONTH(B3),1),9)-1) | W7: =IF(N(B3)=0,"",EDATE(DATE(YEAR(B3),MONTH(B3),1),9)+14) | X7: =IF(N(B3)=0,"",EDATE(DATE(YEAR(B3),MONTH(B3),1),10)-1) | Y7: =IF(N(B3)=0,"",EDATE(DATE(YEAR(B3),MONTH(B3),1),10)+14) | Z7: =IF(N(B3)=0,"",EDATE(DATE(YEAR(B3),MONTH(B3),1),11)-1) | AA7: =IF(N(B3)=0,"",EDATE(DATE(YEAR(B3),MONTH(B3),1),11)+14) | AB7: =IF(N(B3)=0,"",EDATE(DATE(YEAR(B3),MONTH(B3),1),12)-1) | AC7: =IF(N(B3)=0,"",EDATE(DATE(YEAR(B3),MONTH(B3),1),12)+14) | AD7: =IF(N(B3)=0,"",EDATE(DATE(YEAR(B3),MONTH(B3),1),13)-1) | AE7: =IF(N(B3)=0,"",EDATE(DATE(YEAR(B3),MONTH(B3),1),13)+14) | AF7: =IF(N(B3)=0,"",EDATE(DATE(YEAR(B3),MONTH(B3),1),14)-1) | AG7: =IF(N(B3)=0,"",EDATE(DATE(YEAR(B3),MONTH(B3),1),14)+14) | AH7: =IF(N(B3)=0,"",EDATE(DATE(YEAR(B3),MONTH(B3),1),15)-1) | AI7: =IF(N(B3)=0,"",EDATE(DATE(YEAR(B3),MONTH(B3),1),15)+14) | AJ7: =IF(N(B3)=0,"",EDATE(DATE(YEAR(B3),MONTH(B3),1),16)-1) | AK7: =IF(N(B3)=0,"",EDATE(DATE(YEAR(B3),MONTH(B3),1),16)+14) | AL7: =IF(N(B3)=0,"",EDATE(DATE(YEAR(B3),MONTH(B3),1),17)-1) | AM7: =IF(N(B3)=0,"",EDATE(DATE(YEAR(B3),MONTH(B3),1),17)+14) | AN7: =IF(N(B3)=0,"",EDATE(DATE(YEAR(B3),MONTH(B3),1),18)-1)
A8: 바탕 만들기 · 퍼티 | B8: 46204 | C8: 46234 | D8: =IF(OR(N(B8)=0,N(C8)=0),"",IF(C8<B8,"⚠",C8-B8+1))
A9: 내부 수성페인트 초벌 | B9: 46219 | C9: 46265 | D9: =IF(OR(N(B9)=0,N(C9)=0),"",IF(C9<B9,"⚠",C9-B9+1))
A10: 내부 수성페인트 재벌 · 정벌 | B10: 46250 | C10: 46295 | D10: =IF(OR(N(B10)=0,N(C10)=0),"",IF(C10<B10,"⚠",C10-B10+1))
A11: 외부 수성페인트 | B11: 46266 | C11: 46295 | D11: =IF(OR(N(B11)=0,N(C11)=0),"",IF(C11<B11,"⚠",C11-B11+1))
A12: 걸레받이 세라믹 페인트 | B12: 46281 | C12: 46310 | D12: =IF(OR(N(B12)=0,N(C12)=0),"",IF(C12<B12,"⚠",C12-B12+1))
A13: 에폭시 코팅 · 라이닝(바닥) | B13: 46296 | C13: 46326 | D13: =IF(OR(N(B13)=0,N(C13)=0),"",IF(C13<B13,"⚠",C13-B13+1))
A14: 보수 · 보양 · 청소 | B14: 46327 | C14: 46341 | D14: =IF(OR(N(B14)=0,N(C14)=0),"",IF(C14<B14,"⚠",C14-B14+1))
A15: 검측 · 정리 | B15: 46342 | C15: 46356 | D15: =IF(OR(N(B15)=0,N(C15)=0),"",IF(C15<B15,"⚠",C15-B15+1))
D16: =IF(OR(N(B16)=0,N(C16)=0),"",IF(C16<B16,"⚠",C16-B16+1))
D17: =IF(OR(N(B17)=0,N(C17)=0),"",IF(C17<B17,"⚠",C17-B17+1))
D18: =IF(OR(N(B18)=0,N(C18)=0),"",IF(C18<B18,"⚠",C18-B18+1))
D19: =IF(OR(N(B19)=0,N(C19)=0),"",IF(C19<B19,"⚠",C19-B19+1))
D20: =IF(OR(N(B20)=0,N(C20)=0),"",IF(C20<B20,"⚠",C20-B20+1))
D21: =IF(OR(N(B21)=0,N(C21)=0),"",IF(C21<B21,"⚠",C21-B21+1))
A22: ※ 일수 = 완료 − 착수 + 1. 막대는 반달(1~15일 · 16일~말일) 단위입니다. 공정은 현장 여건 · 날씨에 따라 바뀔 수 있습니다.
A24: 이 시트는 작성 예시입니다(가상의 일정).

Sheet 예시-조직
A1: K-건설맵 | k-conmap.com 건설 서식 | G1: 작성 예시 (가상의 현장)
A3: 3.0 현 장 조 직 도
E5: 현 장 대 리 인
E6: 홍길동
A7: │
B8: 품 질 관 리 자 | F8: ─┼─ | H8: 안 전 관 리 자
B9: 김철수 | F9: │ | H9: 박안전
A10: │
E11: 시 공 업 체
E12: 예시도장(주)
A13: │
E14: 작 업 팀 장
E15: 최팀장
A16: ┌──────────┼──────────┐
A17: 도장공 | D17: 특별인부 | G17: 보통인부 | J17: 합 계
A18: 3 | D18: 1 | G18: 1 | J18: =IF(SUM(A18,D18,G18)=0,"",SUM(A18,D18,G18))
A20: 4.0 기능인력 투입계획 및 주자재 조달계획
A22: 1) 기능 인력(현장 여건에 따라 작업 인원 변동) — 1일 투입인원(2개조)
A23: 구 분 | E23: 단 위 | G23: 수 량 | I23: 비 고
A24: 공사관리자 | E24: 인 | G24: 1
A25: 도장공 | E25: 인 | G25: 3
A26: 특별인부 및 조공 | E26: 인 | G26: 2
A27: 계 | E27: 인 | G27: =IF(SUM(G24,G25,G26)=0,"",SUM(G24,G25,G26))
A28: ※ 작업 수량에 따라 변동됩니다.
A29: 2) 주자재 조달계획
A30: 자 재 명 | E30: 수 량 | G30: 단위 | H30: 현장반입 예정일자 | J30: 비 고
A31: 수성페인트(내부) | E31: 950 | G31: L | H31: 46216 | J31: =IF(OR(N(H31)=0,N('예시-개요'!D21)=0),"",IF(H31<'예시-개요'!D21,"⚠ 착공 전 반입","착공 후 "&(H31-'예시-개요'!D21)&"일"))
A32: 수성페인트(외부) | E32: 60 | G32: L | H32: 46258 | J32: =IF(OR(N(H32)=0,N('예시-개요'!D21)=0),"",IF(H32<'예시-개요'!D21,"⚠ 착공 전 반입","착공 후 "&(H32-'예시-개요'!D21)&"일"))
A33: 에폭시 라이닝(하도) | E33: 35 | G33: kg | H33: 46286 | J33: =IF(OR(N(H33)=0,N('예시-개요'!D21)=0),"",IF(H33<'예시-개요'!D21,"⚠ 착공 전 반입","착공 후 "&(H33-'예시-개요'!D21)&"일"))
A34: 에폭시 라이닝(중도) | E34: 1080 | G34: kg | H34: 46286 | J34: =IF(OR(N(H34)=0,N('예시-개요'!D21)=0),"",IF(H34<'예시-개요'!D21,"⚠ 착공 전 반입","착공 후 "&(H34-'예시-개요'!D21)&"일"))
A35: 에폭시 라이닝(상도) | E35: 35 | G35: L | H35: 46286 | J35: =IF(OR(N(H35)=0,N('예시-개요'!D21)=0),"",IF(H35<'예시-개요'!D21,"⚠ 착공 전 반입","착공 후 "&(H35-'예시-개요'!D21)&"일"))
A36: 에폭시 코팅(하도) | E36: 40 | G36: kg | H36: 46286 | J36: =IF(OR(N(H36)=0,N('예시-개요'!D21)=0),"",IF(H36<'예시-개요'!D21,"⚠ 착공 전 반입","착공 후 "&(H36-'예시-개요'!D21)&"일"))
A37: 에폭시 코팅(상도) | E37: 80 | G37: kg | H37: 46286 | J37: =IF(OR(N(H37)=0,N('예시-개요'!D21)=0),"",IF(H37<'예시-개요'!D21,"⚠ 착공 전 반입","착공 후 "&(H37-'예시-개요'!D21)&"일"))
A38: 세라믹 페인트 | E38: 33 | G38: L | H38: 46272 | J38: =IF(OR(N(H38)=0,N('예시-개요'!D21)=0),"",IF(H38<'예시-개요'!D21,"⚠ 착공 전 반입","착공 후 "&(H38-'예시-개요'!D21)&"일"))
J39: =IF(OR(N(H39)=0,N('예시-개요'!D21)=0),"",IF(H39<'예시-개요'!D21,"⚠ 착공 전 반입","착공 후 "&(H39-'예시-개요'!D21)&"일"))
J40: =IF(OR(N(H40)=0,N('예시-개요'!D21)=0),"",IF(H40<'예시-개요'!D21,"⚠ 착공 전 반입","착공 후 "&(H40-'예시-개요'!D21)&"일"))
A42: 이 시트는 작성 예시입니다(가상의 사람 · 수량 · 날짜).

Sheet 예시-시공관리
A1: K-건설맵 | k-conmap.com 건설 서식 | G1: 작성 예시 (가상의 현장)
A3: 5.0 시 공 관 리
A6: 5-1 일반사항
A7: 1) 운반 · 보관 및 취급
A8: (1) | B8: 도장재는 밀봉된 용기에 넣어 개봉하지 않은 상태로 반입하고, 용기에는 도장재의 종류 · 색상 · 수량 · 제조일자 · 제조일련번호 · 상표 · 사용상 주의사항 · 바탕 준비사항 · 건조시간 · 배합에 관한 제조업자의 지침이 적혀 있어야 한다.
A9: (2) | B9: 도장재의 반입 시기는 공사기간 외에 품질시험에 걸리는 기간을 고려하여 정한다.
A10: (3) | B10: 가연성 도료는 전용 창고에 보관하는 것을 원칙으로 하며, 반입한 도료와 사용 중인 도료는 공사감독자가 승인한 창고에 보관하고 도료창고에 «화기 엄금» 표시를 한다.
A11: (4) | B11: 도료창고는 특히 화재에 주의하고, 창고 안과 주변에서 화기 사용을 엄금한다.
A12: (5) | B12: 도료는 될 수 있는 대로 밀봉하여 새거나 엎지르지 않게 다루고, 샌 것이나 엎지른 것은 발화 위험이 없도록 닦아 낸다.
A13: 2) 환경 요구사항
A14: (1) | B14: 도장 작업 중이나 도료 건조기간 중, 도장 장소의 환경 · 기상 조건이 아래와 같아 좋은 결과를 기대할 수 없으면 공사감독자가 승인할 때까지 도장하지 않는다.
A15: (2) | B15: 기온이 낮거나 습도가 높고 환기가 충분하지 않아 건조가 부적당할 때, 주위 기온이 5℃ 미만이거나 상대습도가 85% 를 넘을 때, 눈 · 비가 올 때 및 안개가 끼었을 때. 다만 재료 제조업자의 시방서에 따로 표시한 경우는 예외로 한다.
A17: 5-2 재료
A18: 1) 도장재의 일반 조건
A19: (1) | B19: 도장재료는 한국산업표준(KS)에서 정한 규격에 합격한 것을 쓴다.
A20: (2) | B20: 도료는 상표가 완전하고 개봉하지 않은 채로 현장에 반입하여 KS 표시 여부 · 규격번호 · 품명 · 종별 · 제조연월일 · 포장 번호 및 수량 · 구성성분(안료 · 용제) · 희석방법 · 색명 및 번호 등을 확인받는다.
A21: (3) | B21: 현장에서 쓰는 도장재는 종류별로 한 제조업자의 제품을 쓴다.
A22: (4) | B22: 공장에서 배합이 끝난 제품을 쓰며, 현장 희석은 제조업자가 인정하는 범위에서 한다.
A23: (5) | B23: 상도 · 중도 · 하도의 도막 색상은 서로 다르게 하며, 상도 후 마감 상태가 요구 기준에 맞아야 한다.
A24: 2) 합성수지 에멀션 페인트
A25: (1) | B25: 외부 수성페인트 — KS M 5310 의 1급에 맞는 합성수지 에멀션 페인트(외부용)로 한다. 도면 · 공사시방에 발수용 외부 수성페인트를 쓰도록 명시한 경우에는 KS M 5310 1급 제품으로서 KS M 7057 발수도 시험 결과 R7 이상인 제품으로 하며, 시험편은 KS M 5310 에 따라 만든 시편 5매로 한다.
A26: (2) | B26: 내부 수성페인트 — KS M 5320 의 1급에 맞는 합성수지 에멀션 페인트(내부용)로 한다.
A27: (3) | B27: 광택 합성수지 에멀션 페인트 — 광택 합성수지 에멀션 페인트 규정에 합격한 재료로 한다.
A28: 3) 바닥재 도료칠
A29: (1) | B29: 코팅형 에폭시 바닥재 — 품질은 승인된 제조업자의 품질자료에 따른다.
A30: (2) | B30: 아크릴 수지 에나멜 바닥재 — 품질은 승인된 제조업자의 품질자료에 따른다.
A32: 5-3 시공
A33: 1) 바탕 만들기(면처리)
A34: 각종 도료를 칠하기 전에 바탕 만들기(면처리 · 바탕조정 · 바탕처리 등)를 한다.
A35: 2) 일반 조건
A36: (1) | B36: 칠 바탕면은 칠이나 표면처리를 하기 전에 녹 · 해로운 부착물(먼지 · 기름 · 타르분 · 회반죽 · 플라스터 · 시멘트 · 모르타르)과 노화가 심한 구도막을 완전히 없애고 깨끗이 청소한다.
A37: (2) | B37: 못머리 등 금속이 바탕면에 드러난 곳은 상부 칠 종류에 맞는 녹 방지 조치를 따로 한다.
A38: (3) | B38: 칠할 부위에 붙은 비도장 부위는 바탕정리나 칠하기 전에 보양재를 덮어 도료가 묻지 않게 한다. 특히 실내에서는 벽 · 바닥 · 인접 시설에 묻지 않도록 비닐 · 신문지 등으로 보양한다.
A39: (4) | B39: 면의 결점(홈 · 구멍 · 갈라짐 · 변형 · 옹이 · 흡수성이 고르지 않은 곳 등)을 보수하여 칠하기 좋은 상태로 한다.
A40: (5) | B40: 배어 나오기 · 녹아 나오기 등에 의한 해로운 물질(수분 · 기름 · 수지 · 산 · 알칼리 등)의 작용을 막는 처리를 한다.
A41: (6) | B41: 색상 · 재질이 다른 칠이 만나는 경계는 경계선이 곧도록 테이핑 작업을 한다.
A42: (7) | B42: 도장재와 바탕 종류에 따라 따로 표면처리가 필요하면 도료 제조업자의 지침에 따라 바탕처리를 한다.
A43: 3) 바탕 만들기 공법
A44: 바탕 만들기 공정의 종별(바탕 종류 · 공법)은 아래에 따르며, 종별 지시가 없으면 철재면 3종, 아연도금면 2종 또는 3종, 경금속 및 동합금면 2종으로 한다. 다만 비닐계 에나멜 도장일 때는 철재면 2종, 아연도금면 1종으로 하고, 100℃ 이상에서 건조시키는 공업용 도장은 1종(인산염 처리)으로 한다.
A45: [ 바탕 만들기의 도장 종별 ]
A46: 바 탕 의 종 류 | E46: 종 류 | G46: 공 법
A47: 목부 · 플라스터 · 모르타르 · 콘크리트면 | E47: 1종 | G47: 부분 퍼티 처리
E48: 2종 | G48: 전면 퍼티 처리
E49: 3종 | G49: 이음새 퍼티 처리
A50: 철재면 | E50: 1종 | G50: 인산염 처리를 할 때
E51: 2종 | G51: 금속 바탕처리용 프라이머를 칠할 때
E52: 3종 | G52: 보통의 금속
A53: 아연도금면 | E53: 1종 | G53: 금속 바탕처리용 프라이머를 칠할 때
E54: 2종 | G54: 황산아연 수용액을 칠할 때
E55: 3종 | G55: 옥외로서 풍우에 닿을 때
A56: 경금속 및 동합금면 | E56: 1종 | G56: 인산염 처리를 할 때
E57: 2종 | G57: 금속 바탕처리용 프라이머를 칠할 때
A58: 4) 합성수지 에멀션 페인트 도장 — 외부 및 내부 수성페인트
A59: 공정 | B59: 내 용 | D59: 재 료(희석) | G59: 희석비율 (중량비) | I59: 건조시간 | K59: 도료량 (kg/㎡)
A60: 1 | B60: 바탕처리 | D60: 연마지 #100 ~ 160 | G60: — | I60: — | K60: —
A61: 2 | B61: 초벌 도장(1회) | D61: 합성수지 에멀션 투명 | G61: 100 | I61: 3시간 이상 | K61: 0.08
A62: 3 | B62: 퍼티 먹임 | D62: 합성수지 에멀션 페인트 100 / 물 0 ~ 5 | G62: 100 : 0 ~ 5 | I62: 3시간 이상 | K62: —
A63: 4 | B63: 연 마 | D63: 연마지 #180 ~ 240 | G63: — | I63: — | K63: —
A64: 5 | B64: 재벌 도장(1회) | D64: 합성수지 에멀션 페인트 100 / 물 5 ~ 20 | G64: 100 : 5 ~ 20 | I64: 3시간 이상 | K64: 0.10
A65: 6 | B65: 정벌 도장(1회) | D65: 합성수지 에멀션 페인트 100 / 물 5 ~ 20 | G65: 100 : 5 ~ 20 | I65: 3시간 이상 | K65: 0.10
A66: (주) | B66: 바탕처리는 위 1) ~ 3) 에 따른다.
B67: 에어리스 뿜칠의 조합비율 표준은 뿜칠 압력 100 ~ 150kg/㎠ 정도일 때이며, 압축기 압력에 따라 물의 양을 가감한다.
B68: 회반죽 · 플라스터 · 나무섬유판 · 석고보드 등 흡수성이 심할 때는 흡수방지 도료를 칠한다. 도장 횟수는 공사감독자의 지시에 따른다.
B69: 내부용은 KS M 5320, 외부용은 KS M 5310 으로 도장 공정은 같다.
B70: 가. 주의사항
A71: (1) | C71: 5℃ 이하에서 도장하면 균열이 생기거나 도막이 형성되지 않으므로 도장을 피한다.
A72: (2) | C72: 부착성을 고려하여 과다한 희석은 피한다.
A73: (3) | C73: 저장 · 수송 중 얼지 않게 한다(0℃ 이하일 때).
A74: (4) | C74: 모서리 등 붓으로 새김질한 면과 롤러 도장면의 색이 다를 수 있으므로, 새김질은 같은 규격번호로 하고 가능한 희석하지 않고 먼저 하여 색 차이를 줄인다.
A75: (5) | C75: 시멘트 모르타르면은 충분히 양생(pH 9 이하)한다.
A76: 5) 바닥 도료의 도장
A77: (1) | B77: 바닥 도료는 내마모성 · 내충격성 · 탄성이 풍부한 2액형 폴리우레탄 도료, 내약품성이 뛰어난 폴리아마이드 경화형 에폭시수지 주성분의 2액형 에폭시 도료, 자연건조형 아크릴수지 에나멜 등 3종류가 있으며, 솔이나 롤러 등으로 고르게 바른다.
A78: [ 바닥 도료의 종별 — 콘크리트 · 모르타르면 ]
A79: 칠 종 류 | D79: 형 식 | G79: 초벌 도장 | I79: 재벌 도장 | K79: 정벌 도장
A80: 우레탄계 | D80: 일반형(코팅) | G80: 1 | I80: 1 ~ 2 | K80: 1
D81: 두께 3mm 형 | G81: 1 | I81: 1 | K81: 1
A82: 에폭시계 | D82: 일반형(코팅) | G82: 1 | I82: 1 ~ 2 | K82: 1
D83: 두께 3mm 형 | G83: 1 | I83: 1 | K83: 1
A84: 아크릴계 | D84: 일반형(코팅) | G84: 1 | I84: 1 ~ 2 | K84: 1
B85: (3) 코팅형 에폭시 바닥 도장
A86: 공정 | B86: 내 용 | D86: 재 료(희석) | G86: 희석비율 (중량비) | I86: 건조시간 | K86: 도료량 (kg/㎡)
A87: 1 | B87: 바탕처리 | D87: 위 1) ~ 3) 에 따라 처리 | G87: — | I87: — | K87: —
A88: 2 | B88: 초벌 도장(1회) | D88: 에폭시 수지 프라이머(투명) 100 / 지정 신너 0 ~ 20 | G88: 100 : 0 ~ 20 | I88: 8시간 이내 | K88: 0.08
A89: 3 | B89: 재벌 도장(1회) | D89: 에폭시 수지 서페이서 100 / 지정 신너 0 ~ 20 | G89: 100 : 0 ~ 20 | I89: 24시간 | K89: 0.20 ~ 0.45
A90: 4 | B90: 정벌 도장(1회) | D90: 우레탄 수지 에나멜 100 / 지정 신너 0 ~ 20 | G90: 100 : 0 ~ 20 | I90: 24시간 | K90: 0.20
B91: (4) 주의사항
A92: - | C92: 바탕에 기름 · 수분 등이 있으면 겔(Gel)화되어 부착이 나쁘므로 바탕을 충분히 말린 뒤 칠한다.
A93: - | C93: 반드시 지정된 신너를 쓰며, 폴리우레탄 중도재는 재도장 시간을 지켜야 층간 밀착이 좋다.
A94: - | C94: 경화제는 폭발 위험이 있으므로 밀폐된 곳에 저장하고 직사광선을 피한다.
A95: - | C95: 각 도료는 칠하기 전에 주제와 경화제를 지시된 비율로 4 ~ 5분 정도 고르게 섞어 쓴다.
A96: - | C96: 콘크리트 강화제로 처리된 면은 쇼트 블라스팅 · 그라인딩 또는 산세척 후 수돗물로 깨끗이 씻어 완전히 말리고, 도장 전에 도료와의 부착성을 반드시 확인한다. 산 처리 작업 때는 고무장화 · 고무장갑 · 마스크 등 보호구를 착용한다.
A97: - | C97: 표면의 균열이나 요철 부분은 V자형으로 파내고 하도를 칠해 말린 뒤 퍼티로 처리하여 표면을 평활하게 조정한다.
B98: (5) 시공 순서
A99: 가. | C99: 재료의 배합 — 주제(A액)와 경화제(B액)를 섞기 전에 용기 안에서 충분히 젓고, 지정된 중량 배합비율에 따라 전동 드릴로 고루 섞되 가사시간 안에 쓸 수 있는 양만 배합한다.
A100: 나. | C100: 표면처리 — 표면의 이물질(유분 · 오물 · 레이턴스 등)을 와이어 브러시 · 샌드 블라스트 · 전동공구로 완전히 없애고 충분히 말린다. 균열이나 표면 불량 부위는 균열 보수 절차에 따라 보수한 뒤 도장한다.
A101: 다. | C101: 하도(1차 프라이머) — 바탕처리가 끝나면 투명 에폭시를 압송식 분무기 · 롤러로 곧바로 발라 40㎛ 두께가 되게 한다.
A102: 라. | C102: 중도 — 하도가 끝나면 제조업체가 정한 배합비율로 섞어 압송식 분무기 · 솔 · 롤러 또는 고무주걱으로 고루 바른다.
A103: 마. | C103: 2차 중도 — 도막을 충분히 말린 뒤 2차 중도재를 표면에 골고루 바른다.
A104: 바. | C104: 상도 — 중도 2회 후 도막을 충분히 말린 뒤 상도재를 표면에 충분히 바른다.
A106: 6.0 검 측 FLOW CHART
...

Sheet 예시-검측체크
A1: K-건설맵 | k-conmap.com 건설 서식 | G1: 작성 예시 (가상의 현장)
A2: 검 측 체 크 리 스 트
A3: 공종 CODE NO. | E3: 도 장 공 사 | G3: 위치 및 부위 | I3: 교사동 2층 교실 벽 · 천장
A4: 공종(세부공종) | C4: 공통사항 | G4: 검 측 일 자 | I4: 46218
A5: 검 사 항 목 | F5: 검 사 기 준 (시방서 · 도면 등) | H5: 검 사 결 과 | L5: 조치 사항
H6: 1 차 | J6: 2 차
H7: 합격 | I7: 불합격 | J7: 합격 | K7: 불합격
A8: 1. 자재공급원 승인은 되었는가 | F8: 승인 여부 | H8: ○
A9: 2. 바탕처리는 적정한가(레이턴스 · 먼지 · 오염 제거 등) | F9: 적 · 부 | H9: ○
A10: 3. 구조체 곰보 · 이음 조인트 · 균열 · 재료분리 등의 조치는 적정한가 | F10: 적 · 부 | H10: ○
A11: 4. 재료의 종류 · 규격 · 품질보증서 등은 확인하였는가 | F11: 적 · 부 | H11: ○
A12: 5. 바탕면이 충분히 건조(함수율 5% 이하)되었는가 | F12: 적 · 부 | H12: ○
A13: 6. 다른 부위가 오염되지 않게 조치하였는가 | F13: 적 · 부 | H13: ○
A14: 7. 재료의 보관 장소 및 보관 방법은 적정한가 | F14: 적 · 부 | H14: ○
A15: 8. 시공 때 기온 5℃ 이하 · 습도 80% 이상이면 작업을 중단하고 있는가 | F15: 적 · 부 | H15: ○
A16: 판 정 | D16: =IF(COUNTA(H8:H15)+COUNTA(I8:I15)=0,"","1차 합격 "&COUNTA(H8:H15)&" · 불합격 "&COUNTA(I8:I15)&IF(COUNTA(I8:I15)>0," / 2차 합격 "&COUNTA(J8:J15)&" · 불합격 "&COUNTA(K8:K15),"")&IF(COUNTA(H8:H15)+COUNTA(I8:I15)<8," · 빈칸 "&(8-COUNTA(H8:H15)-COUNTA(I8:I15)),"")&" → "&IF(COUNTA(I8:I15)=0,IF(COUNTA(H8:H15)+COUNTA(I8:I15)<8,"점검 중","합격"),IF(AND(COUNTA(K8:K15)=0,COUNTA(J8:J15)>=COUNTA(I8:I15)),"합격(재검측)","보완 후 재검측")))
A17: 시 공 자 점 검 | G17: 건 설 사 업 관 리 자 검 측
A18: 점 검 | D18: 재 점 검 | G18: 검 측 | J18: 재 검 측
A19: (인) | D19: (인) | G19: (인) | J19: (인)
A20: 검 측 체 크 리 스 트
A21: 공종 CODE NO. | E21: 도 장 공 사 | G21: 위치 및 부위 | I21: 교사동 2층 교실 벽 · 천장
A22: 공종(세부공종) | C22: 수성페인트 | G22: 검 측 일 자 | I22: 46275
A23: 검 사 항 목 | F23: 검 사 기 준 (시방서 · 도면 등) | H23: 검 사 결 과 | L23: 조치 사항
H24: 1 차 | J24: 2 차
H25: 합격 | I25: 불합격 | J25: 합격 | K25: 불합격
A26: 1. 시공 때 온도는 적정한가 | F26: 적 · 부 | H26: ○
A27: 2. 바탕처리는 적정한가(레이턴스 · 먼지 · 오염 제거 등) | F27: 적 · 부 | H27: ○
A28: 3. 구조체 곰보 · 이음 조인트 · 균열 · 재료분리 등의 조치는 적정한가 | F28: 적 · 부 | H28: ○
A29: 4. 재료의 종류 · 규격 · 품질보증서 등은 확인하였는가 | F29: 적 · 부 | H29: ○
A30: 5. 환기 및 조명 설치는 충분한가 | F30: 적 · 부 | H30: ○
A31: 6. 재료 배합은 적절한가 | F31: 적 · 부 | H31: ○
A32: 7. 시공 절차를 지키는가 | F32: 적 · 부 | H32: ○
A33: 8. 칠 두께는 고른가 | F33: 적 · 부 | I33: ○ | J33: ○ | L33: 얼룩 부위 덧칠 후 재검측
A34: 9. 시공 후 보양 대책은 세웠는가 | F34: 적 · 부 | H34: ○
A35: 10. 정해진 색상을 쓰는가 | F35: 적 · 부 | H35: ○
F36: 적 · 부
F37: 적 · 부
F38: 적 · 부
A39: 판 정 | D39: =IF(COUNTA(H26:H38)+COUNTA(I26:I38)=0,"","1차 합격 "&COUNTA(H26:H38)&" · 불합격 "&COUNTA(I26:I38)&IF(COUNTA(I26:I38)>0," / 2차 합격 "&COUNTA(J26:J38)&" · 불합격 "&COUNTA(K26:K38),"")&IF(COUNTA(H26:H38)+COUNTA(I26:I38)<13," · 빈칸 "&(13-COUNTA(H26:H38)-COUNTA(I26:I38)),"")&" → "&IF(COUNTA(I26:I38)=0,IF(COUNTA(H26:H38)+COUNTA(I26:I38)<13,"점검 중","합격"),IF(AND(COUNTA(K26:K38)=0,COUNTA(J26:J38)>=COUNTA(I26:I38)),"합격(재검측)","보완 후 재검측")))
A40: 시 공 자 점 검 | G40: 건 설 사 업 관 리 자 검 측
A41: 점 검 | D41: 재 점 검 | G41: 검 측 | J41: 재 검 측
A42: (인) | D42: (인) | G42: (인) | J42: (인)
A43: 검 측 체 크 리 스 트
A44: 공종 CODE NO. | E44: 도 장 공 사 | G44: 위치 및 부위 | I44: 실습동 1층 실험실 바닥
A45: 공종(세부공종) | C45: 에폭시 라이닝 | G45: 검 측 일 자 | I45: 46315
A46: 검 사 항 목 | F46: 검 사 기 준 (시방서 · 도면 등) | H46: 검 사 결 과 | L46: 조치 사항
H47: 1 차 | J47: 2 차
H48: 합격 | I48: 불합격 | J48: 합격 | K48: 불합격
A49: 1. 재료의 종류 · 규격 · 품질보증서 등은 확인하였는가 | F49: 적 · 부 | H49: ○
A50: 2. 바탕처리는 적정한가(레이턴스 · 먼지 · 오염 제거 등) | F50: 적 · 부 | H50: ○
A51: 3. 구조체 곰보 · 이음 조인트 · 균열 · 재료분리 등의 조치는 적정한가 | F51: 적 · 부 | H51: ○
A52: 4. 프라이머는 배합비율에 맞게 섞어 알맞은 양을 발랐는가 | F52: 적 · 부 | H52: ○
A53: 5. 바탕조정층은 배합비율에 맞게 섞어 알맞은 양을 발랐는가 | F53: 적 · 부 | H53: ○
A54: 6. 주제와 경화제를 지시된 비율로 고르게 섞었는가 | F54: 적 · 부 | H54: ○
A55: 7. 시공 절차를 지키는가 | F55: 적 · 부 | H55: ○
A56: 8. 에폭시 마감 두께는 고른가 | F56: 적 · 부 | H56: ○
A57: 9. 시공 후 보양 대책은 세웠는가 | F57: 적 · 부 | H57: ○
A58: 10. 정해진 색상을 쓰는가 | F58: 적 · 부 | H58: ○
A59: 판 정 | D59: =IF(COUNTA(H49:H58)+COUNTA(I49:I58)=0,"","1차 합격 "&COUNTA(H49:H58)&" · 불합격 "&COUNTA(I49:I58)&IF(COUNTA(I49:I58)>0," / 2차 합격 "&COUNTA(J49:J58)&" · 불합격 "&COUNTA(K49:K58),"")&IF(COUNTA(H49:H58)+COUNTA(I49:I58)<10," · 빈칸 "&(10-COUNTA(H49:H58)-COUNTA(I49:I58)),"")&" → "&IF(COUNTA(I49:I58)=0,IF(COUNTA(H49:H58)+COUNTA(I49:I58)<10,"점검 중","합격"),IF(AND(COUNTA(K49:K58)=0,COUNTA(J49:J58)>=COUNTA(I49:I58)),"합격(재검측)","보완 후 재검측")))
A60: 시 공 자 점 검 | G60: 건 설 사 업 관 리 자 검 측
A61: 점 검 | D61: 재 점 검 | G61: 검 측 | J61: 재 검 측
A62: (인) | D62: (인) | G62: (인) | J62: (인)
A64: 이 시트는 작성 예시입니다(가상의 검측).

Sheet 예시-관리계획
A1: K-건설맵 | k-conmap.com 건설 서식 | G1: 작성 예시 (가상의 현장)
A3: 7.0 품 질 관 리 계 획
A6: 7-1 자재 관리
A7: 1) 적용범위
A8: 입고 자재가 취급 · 보관 등으로 품질이 손상되지 않도록 관리하는 업무에 적용한다.
A9: 2) 창고 구비 조건
A10: (1) | B10: 보관품은 알맞은 기준에 따라 품질에 변형을 주지 않는 장소에 둔다.
A11: (2) | B11: 야적장은 배수가 잘되고 주위에 위험요소가 없는 평탄한 곳으로 자재 운반이 쉬워야 하며, 밖에 두어도 품질 변화가 적은 자재만 보관한다.
A12: 3) 관리 방법
A13: (1) | B13: 보관품은 종류별 · 규격별로 반입 · 반출이 쉬운 상태로 보관하고, 포대 · 상자 또는 완전 포장된 것은 품명 · 수량 등을 적는다.
A14: (2) | B14: 롤(ROLL) 단위 시트류 — 습기 · 물기가 없는 지정 장소에 보관하고, 무게로 휘지 않게 야적량을 알맞게 하며, 세워서 규격별로 정리한다.
A15: (3) | B15: 캔류 — 파손 · 손상을 막기 위해 따로 구분 · 식별하여 관리하고, 다른 공정 작업자 등으로부터 피해를 받지 않게 하며, 찌그러지거나 터지지 않게 보관 · 운반하고, 포장재가 녹슬거나 라벨이 손상되지 않게 한다.
A16: (4) | B16: 그 밖의 자재 — 보관용 선반 · 전용 케이스 등을 이용하여 보관한다.
A18: 7-2 공정별 품질시험 계획
B19: (1) 시공 전 품질관리 — 자재 반입 검사(소요량 참조) · 바탕 상태 검사(바탕처리 후)
A20: [ 바탕 상태 검사 체크리스트 ]
A21: 공 정 | C21: 상 태 | G21: 확인 방법 | I21: 판 정 기 준
A22: 바탕처리 | C22: 거푸집 단차 및 돌기물 | G22: 육안검사 | I22: 높이 3mm 이하
C23: 거푸집 박리제 | G23: 육안검사 | I23: 없음
C24: 레이턴스 · 기름 · 먼지 등 | G24: 육안검사 | I24: 없음
C25: 균열 및 누수 부위 | G25: 육안 · 확대경 | I25: 없음 또는 보수 · 보강 처리되어 있을 것
C26: 나무조각 · 철사 · 종이류 | G26: 육안검사 | I26: 없음
C27: 취약 부위(골재분리 등) 충전 | G27: 육안검사 | I27: 취약 부위가 보강되어 있을 것
B28: (2) 시공 중 품질관리 — 공정별 도장 횟수 확인 · 재료 사용량 준수 여부 · 도장 부위의 하자 발생 여부
B29: (3) 시공 후 품질관리 — 도장 부위의 들뜸 · 손상 · 균열 · 얼룩 발생 여부 · 표면 상태 확인
A31: 8.0 환 경 관 리 계 획
A34: 8-1 개 요
A35: 현장의 폐기물 · 유류 · 쓰레기 및 소음 · 진동 · 비산먼지 등에 의한 오염을 방지한다.
A37: 8-2 중점관리 방침
A38: (1) | B38: 자율적인 환경관리
A39: (2) | B39: 쾌적한 작업환경 관리
A40: (3) | B40: 민원 발생 방지
A42: 8-3 실시계획
A43: (1) | B43: 작업 전후 정리정돈 : 작업 전후 정리정돈을 철저히 하여 쾌적한 작업환경을 유지한다.
A44: (2) | B44: 분리수거 : 분리수거를 철저히 하고, 도장 작업에서 나온 폐기물(빈 도료 용기 · 폐신너 · 걸레 등)은 시공업체 부담으로 적법하게 처리하여 쓰레기를 줄인다.
A45: (3) | B45: 민원 발생 억제 : 소음 · 진동 · 비산먼지 · 냄새를 최대한 억제하여 인근 주민의 생활에 피해가 없도록 하고, 적극적으로 환경관리 활동을 한다.
B46: (4) 환경관리 대책
A47: ① | C47: 쓰레기 처리 : 현장 안은 금연하고 쓰레기 수거함을 둔다.
A48: ② | C48: 잔재물 · 빈 용기 : 빈 도료 용기 · 폐신너 · 도료 묻은 걸레는 인화 위험이 없도록 뚜껑 있는 용기에 모아 지정 장소에 두고, 지정폐기물은 허가 업체에 위탁 처리한다.
A49: ③ | C49: 비산먼지 : 현장 안 주요 도로와 작업장 주변은 하루 2회 이상 살수차로 살수하고, 장비 이동 때 먼지가 나지 않도록 서행한다.
A51: 9.0 안 전 관 리 계 획
A54: 9-1 안전대책
B55: 가. 안전 보호구 확보 · 지급 · 사용 계획 — 개인보호구는 산업안전보건법에서 정한 규격과 품질검사(안전인증)에 합격한 제품을 쓰는 것을 원칙으로 한다.
B56: 나. 안전점검
A57: 구 분 | D57: 점검 시기 | F57: 참석자 대상 | J57: 비 고
A58: 주간 점검 | D58: 매주 1회 | F58: 현장소장 · 안전관리자 | J58: 현장 순회 점검
A59: 일일 점검 | D59: 매일 1회 | F59: 관리감독자 · 안전담당자 | J59: 현장 순회 점검
B60: 다. 작업 중 안전관리
A61: ① | C61: 개인보호구를 철저히 착용하고, 특히 신발은 미끄럼 방지가 되어야 한다.
A62: ② | C62: 차량 출입구에는 신호수를 세우고 노면 상태를 점검 · 보수한다.
A63: ③ | C63: 야간작업 때 위험요소에는 잘 보이도록 보안등 및 위험 표시등을 설치한다.
A64: ④ | C64: 야간 작업자 관리와 야간 순찰을 위해 야간 당직 계획을 세워 시행한다.
B65: 라. 작업 후 안전관리
A66: ① | C66: 작업이 끝나면 기계 · 기구는 지정된 장소에 두고 작업 주변을 깨끗이 한다.
A67: ② | C67: 작업 교대 때는 작업에 관한 전반적인 사항을 확실히 인수인계한다.
A68: ③ | C68: 작업자는 작업 공정을 숙지하여 안전에 만전을 기한다.
A69: ④ | C69: 작업구역에는 관계없는 사람의 출입을 통제한다.
A70: ⑤ | C70: 강우 · 폭우 · 폭설 등 악천후 때에는 작업을 중지한다.
B71: 마. 유기용제 중독 예방
A72: ① | C72: 밀폐되거나 환기가 나쁜 실내에서 유성 도료 · 신너 · 에폭시 등을 쓸 때는 국소배기 또는 이동식 송풍기로 충분히 환기하고, 방독마스크 등 호흡용 보호구를 착용한다.
A73: ② | C73: 밀폐공간(지하 피트 · 수조 등)은 작업 전에 산소 · 유해가스 농도를 측정하고, 감시인을 두며, 작업 중에도 계속 환기한다.
A74: ③ | C74: 작업 뒤 도장한 곳이 마를 때까지는 출입을 삼가고, 두통 · 어지럼증이 있으면 즉시 작업을 멈추고 신선한 공기가 있는 곳으로 옮긴다.
A75: ④ | C75: 사용하는 도료 · 신너의 물질안전보건자료(MSDS)를 작업장에 게시하고 작업자에게 교육한다.
B76: 바. 화재 예방
A77: ① | C77: 가스 · 석유류 · 신너류 등 인화성 물질은 통풍이 잘되고 작업자의 통행이 빈번하지 않은 곳에 보관하며, 지하실 · 공동구 등 밀폐된 공간에는 보관하지 않는다. 소화기는 해당 층에 3개씩 둔다.
A78: ② | C78: 전기 배선이 느슨하게 결선된 것은 쓰지 않으며, 도장 작업장 가까이에서는 용접 · 절단 등 화기 작업을 하지 않는다.
B79: 사. 기타 — 안전사고 예방을 위해 일일 안전점검을 철저히 한다.
A81: 9-2 안전교육
A82: 구 분 | C82: 대 상 | E82: 시기 · 시간 | G82: 담 당 자 | I82: 방법 | J82: 교 육 내 용
A83: 정기교육 | C83: 전 근로자 | E83: 매월 1회 2시간 (매반기 12시간 이상) | G83: 안전관리자 | I83: 집합교육 | J83: 산업안전보건법령 · 표준안전작업 · 사고사례 등
A84: 정기교육 | C84: 관리감독자 | E84: 연간 16시간 이상 | G84: 안전관리자 | I84: 집합교육 | J84: 관리감독자 책무 · 안전작업 · 사고사례 등
A85: 채용 시 교육 | C85: 신규 채용자 | E85: 일용 1시간 이상 그 밖 8시간 이상 | G85: 안전관리자 | I85: 개별 · 집합 | J85: 회사 방침 · 작업 방법 · 응급조치 등
A86: 작업내용 변경 시 교육 | C86: 해당 근로자 | E86: 일용 1시간 이상 그 밖 2시간 이상 | G86: 관리감독자 | I86: 개별 · 집합 | J86: 변경된 작업 방법 및 설비 사용법 등
A87: 특별교육 (유해 · 위험 작업) | C87: 해당 근로자 | E87: 일용 2시간 이상 그 밖 16시간 이상 | G87: 관리감독자 안전관리자 | I87: 개별 · 집합 | J87: 사고 발생 원인 · 대책 · 안전의식 고취 등
A88: 현장 안전교육 | C88: 관리감독자 전 근로자 | E88: 분기별 2시간 | G88: 현장소장 외부강사 | I88: 집합교육 | J88: 현장 안전 방침 · 무재해 운동 등
A89: 작업 전 교육 | C89: 전 근로자 | E89: 작업 전 5 ~ 10분 | G89: 안전담당자 | I89: T.B.M | J89: 작업 내용 · 개인보호구 · 근로자 피로도 · 건강 상태
A90: ※ 법정 교육시간은 산업안전보건법 시행규칙 [별표 4](2023년 개정 이후) 기준입니다(«일용» = 일용근로자 · 근로계약 1주 이하 기간제). 1주 초과 1개월 이하 기간제의 채용 시 교육은 4시간 이상이며, 건설 일용근로자는 처음 투입 전에 건설업 기초안전보건교육(4시간)을 이수해야 합니다. 법령이 바뀌면 노란 칸을 고쳐 씁니다.
A92: 9-3 중점 안전 관리사항
A93: ① | B93: 안전교육 강화 — 유해 · 위험 작업 전 안전교육, 방송 · 매체를 통한 일일 안전교육, 적극적인 안전활동 지도
A94: ② | B94: 일일 안전점검 강화 — 개인 안전보호구 착용 상태, 가설물 안전 예방조치(비계 · 작업발판 등 가설재의 날림 · 낙하 방지, 가설계단 미끄럼 방지)
A95: ③ | B95: 안전시설물 설치 상태 — 안전망 · 방호선반 · 안전울타리 · 안전표지판 등, 위험방지시설의 조명 · 환기 · 배수, 기계 · 기구의 안전장치
A96: ④ | B96: 화재 예방 조치 — 용접기 · 인화물질 등에 의한 화재 예방, 소화기 비치 여부, 가설 전주 지지 상태, 분전함 관리 및 배선 정리 상태
A97: ⑤ | B97: 기타 안전조치 — 강설 · 강풍 때 공사 중단 여부 확인, 자재 정리 및 정돈 상태
A99: 이 시트는 작성 예시입니다.
